YEAR,QUARTER,REG,AREA,AGEGROUP,VALUE,UNIT,SOURCE
2563,"ไตรมาสที่ 1/2563","1) กรุงเทพมหานคร","1) เขตเทศบาล","1. 15-19 ปี",370.30,พันคน,สำนักงานสถิติแห่งชาติ
2563,"ไตรมาสที่ 1/2563","1) กรุงเทพมหานคร","1) เขตเทศบาล","2. 20-24 ปี",539.10,พันคน,สำนักงานสถิติแห่งชาติ
2563,"ไตรมาสที่ 1/2563","1) กรุงเทพมหานคร","1) เขตเทศบาล","3. 25-29 ปี",780.50,พันคน,สำนักงานสถิติแห่งชาติ
2563,"ไตรมาสที่ 1/2563","1) กรุงเทพมหานคร","1) เขตเทศบาล","4. 30-34 ปี",902.00,พันคน,สำนักงานสถิติแห่งชาติ
2563,"ไตรมาสที่ 1/2563","1) กรุงเทพมหานคร","1) เขตเทศบาล","5. 35-39 ปี",909.40,พันคน,สำนักงานสถิติแห่งชาติ
2563,"ไตรมาสที่ 1/2563","1) กรุงเทพมหานคร","1) เขตเทศบาล","6. 40-49 ปี",1654.30,พันคน,สำนักงานสถิติแห่งชาติ
2563,"ไตรมาสที่ 1/2563","1) กรุงเทพมหานคร","1) เขตเทศบาล","7. 50-59 ปี",1252.50,พันคน,สำนักงานสถิติแห่งชาติ
2563,"ไตรมาสที่ 1/2563","1) กรุงเทพมหานคร","1) เขตเทศบาล","8. 60 ปีขึ้นไป",1230.50,พันคน,สำนักงานสถิติแห่งชาติ
2563,"ไตรมาสที่ 1/2563","2) ภาคกลาง","1) เขตเทศบาล","1. 15-19 ปี",505.90,พันคน,สำนักงานสถิติแห่งชาติ
2563,"ไตรมาสที่ 1/2563","2) ภาคกลาง","1) เขตเทศบาล","2. 20-24 ปี",654.50,พันคน,สำนักงานสถิติแห่งชาติ
2563,"ไตรมาสที่ 1/2563","2) ภาคกลาง","1) เขตเทศบาล","3. 25-29 ปี",796.80,พันคน,สำนักงานสถิติแห่งชาติ
2563,"ไตรมาสที่ 1/2563","2) ภาคกลาง","1) เขตเทศบาล","4. 30-34 ปี",809.90,พันคน,สำนักงานสถิติแห่งชาติ
2563,"ไตรมาสที่ 1/2563","2) ภาคกลาง","1) เขตเทศบาล","5. 35-39 ปี",842.10,พันคน,สำนักงานสถิติแห่งชาติ
2563,"ไตรมาสที่ 1/2563","2) ภาคกลาง","1) เขตเทศบาล","6. 40-49 ปี",1595.60,พันคน,สำนักงานสถิติแห่งชาติ
2563,"ไตรมาสที่ 1/2563","2) ภาคกลาง","1) เขตเทศบาล","7. 50-59 ปี",1324.60,พันคน,สำนักงานสถิติแห่งชาติ
2563,"ไตรมาสที่ 1/2563","2) ภาคกลาง","1) เขตเทศบาล","8. 60 ปีขึ้นไป",1422.70,พันคน,สำนักงานสถิติแห่งชาติ
2563,"ไตรมาสที่ 1/2563","2) ภาคกลาง","2) นอกเขตเทศบาล","1. 15-19 ปี",628.50,พันคน,สำนักงานสถิติแห่งชาติ
2563,"ไตรมาสที่ 1/2563","2) ภาคกลาง","2) นอกเขตเทศบาล","2. 20-24 ปี",746.40,พันคน,สำนักงานสถิติแห่งชาติ
2563,"ไตรมาสที่ 1/2563","2) ภาคกลาง","2) นอกเขตเทศบาล","3. 25-29 ปี",837.50,พันคน,สำนักงานสถิติแห่งชาติ
2563,"ไตรมาสที่ 1/2563","2) ภาคกลาง","2) นอกเขตเทศบาล","4. 30-34 ปี",852.00,พันคน,สำนักงานสถิติแห่งชาติ
2563,"ไตรมาสที่ 1/2563","2) ภาคกลาง","2) นอกเขตเทศบาล","5. 35-39 ปี",896.60,พันคน,สำนักงานสถิติแห่งชาติ
2563,"ไตรมาสที่ 1/2563","2) ภาคกลาง","2) นอกเขตเทศบาล","6. 40-49 ปี",1800.50,พันคน,สำนักงานสถิติแห่งชาติ
2563,"ไตรมาสที่ 1/2563","2) ภาคกลาง","2) นอกเขตเทศบาล","7. 50-59 ปี",1603.40,พันคน,สำนักงานสถิติแห่งชาติ
2563,"ไตรมาสที่ 1/2563","2) ภาคกลาง","2) นอกเขตเทศบาล","8. 60 ปีขึ้นไป",1833.30,พันคน,สำนักงานสถิติแห่งชาติ
2563,"ไตรมาสที่ 1/2563","3) ภาคเหนือ","1) เขตเทศบาล","1. 15-19 ปี",263.90,พันคน,สำนักงานสถิติแห่งชาติ
2563,"ไตรมาสที่ 1/2563","3) ภาคเหนือ","1) เขตเทศบาล","2. 20-24 ปี",288.80,พันคน,สำนักงานสถิติแห่งชาติ
2563,"ไตรมาสที่ 1/2563","3) ภาคเหนือ","1) เขตเทศบาล","3. 25-29 ปี",264.20,พันคน,สำนักงานสถิติแห่งชาติ
2563,"ไตรมาสที่ 1/2563","3) ภาคเหนือ","1) เขตเทศบาล","4. 30-34 ปี",210.70,พันคน,สำนักงานสถิติแห่งชาติ
2563,"ไตรมาสที่ 1/2563","3) ภาคเหนือ","1) เขตเทศบาล","5. 35-39 ปี",208.00,พันคน,สำนักงานสถิติแห่งชาติ
2563,"ไตรมาสที่ 1/2563","3) ภาคเหนือ","1) เขตเทศบาล","6. 40-49 ปี",517.10,พันคน,สำนักงานสถิติแห่งชาติ
2563,"ไตรมาสที่ 1/2563","3) ภาคเหนือ","1) เขตเทศบาล","7. 50-59 ปี",663.00,พันคน,สำนักงานสถิติแห่งชาติ
2563,"ไตรมาสที่ 1/2563","3) ภาคเหนือ","1) เขตเทศบาล","8. 60 ปีขึ้นไป",913.00,พันคน,สำนักงานสถิติแห่งชาติ
2563,"ไตรมาสที่ 1/2563","3) ภาคเหนือ","2) นอกเขตเทศบาล","1. 15-19 ปี",491.50,พันคน,สำนักงานสถิติแห่งชาติ
2563,"ไตรมาสที่ 1/2563","3) ภาคเหนือ","2) นอกเขตเทศบาล","2. 20-24 ปี",506.40,พันคน,สำนักงานสถิติแห่งชาติ
2563,"ไตรมาสที่ 1/2563","3) ภาคเหนือ","2) นอกเขตเทศบาล","3. 25-29 ปี",467.80,พันคน,สำนักงานสถิติแห่งชาติ
2563,"ไตรมาสที่ 1/2563","3) ภาคเหนือ","2) นอกเขตเทศบาล","4. 30-34 ปี",388.30,พันคน,สำนักงานสถิติแห่งชาติ
2563,"ไตรมาสที่ 1/2563","3) ภาคเหนือ","2) นอกเขตเทศบาล","5. 35-39 ปี",397.00,พันคน,สำนักงานสถิติแห่งชาติ
2563,"ไตรมาสที่ 1/2563","3) ภาคเหนือ","2) นอกเขตเทศบาล","6. 40-49 ปี",964.70,พันคน,สำนักงานสถิติแห่งชาติ
2563,"ไตรมาสที่ 1/2563","3) ภาคเหนือ","2) นอกเขตเทศบาล","7. 50-59 ปี",1204.90,พันคน,สำนักงานสถิติแห่งชาติ
2563,"ไตรมาสที่ 1/2563","3) ภาคเหนือ","2) นอกเขตเทศบาล","8. 60 ปีขึ้นไป",1737.90,พันคน,สำนักงานสถิติแห่งชาติ
2563,"ไตรมาสที่ 1/2563","4) ภาคตะวันออกเฉียงเหนือ","1) เขตเทศบาล","1. 15-19 ปี",428.50,พันคน,สำนักงานสถิติแห่งชาติ
2563,"ไตรมาสที่ 1/2563","4) ภาคตะวันออกเฉียงเหนือ","1) เขตเทศบาล","2. 20-24 ปี",430.40,พันคน,สำนักงานสถิติแห่งชาติ
2563,"ไตรมาสที่ 1/2563","4) ภาคตะวันออกเฉียงเหนือ","1) เขตเทศบาล","3. 25-29 ปี",328.20,พันคน,สำนักงานสถิติแห่งชาติ
2563,"ไตรมาสที่ 1/2563","4) ภาคตะวันออกเฉียงเหนือ","1) เขตเทศบาล","4. 30-34 ปี",231.70,พันคน,สำนักงานสถิติแห่งชาติ
2563,"ไตรมาสที่ 1/2563","4) ภาคตะวันออกเฉียงเหนือ","1) เขตเทศบาล","5. 35-39 ปี",251.40,พันคน,สำนักงานสถิติแห่งชาติ
2563,"ไตรมาสที่ 1/2563","4) ภาคตะวันออกเฉียงเหนือ","1) เขตเทศบาล","6. 40-49 ปี",751.60,พันคน,สำนักงานสถิติแห่งชาติ
2563,"ไตรมาสที่ 1/2563","4) ภาคตะวันออกเฉียงเหนือ","1) เขตเทศบาล","7. 50-59 ปี",847.00,พันคน,สำนักงานสถิติแห่งชาติ
2563,"ไตรมาสที่ 1/2563","4) ภาคตะวันออกเฉียงเหนือ","1) เขตเทศบาล","8. 60 ปีขึ้นไป",1130.20,พันคน,สำนักงานสถิติแห่งชาติ
2563,"ไตรมาสที่ 1/2563","4) ภาคตะวันออกเฉียงเหนือ","2) นอกเขตเทศบาล","1. 15-19 ปี",1034.20,พันคน,สำนักงานสถิติแห่งชาติ
2563,"ไตรมาสที่ 1/2563","4) ภาคตะวันออกเฉียงเหนือ","2) นอกเขตเทศบาล","2. 20-24 ปี",1023.50,พันคน,สำนักงานสถิติแห่งชาติ
2563,"ไตรมาสที่ 1/2563","4) ภาคตะวันออกเฉียงเหนือ","2) นอกเขตเทศบาล","3. 25-29 ปี",781.00,พันคน,สำนักงานสถิติแห่งชาติ
2563,"ไตรมาสที่ 1/2563","4) ภาคตะวันออกเฉียงเหนือ","2) นอกเขตเทศบาล","4. 30-34 ปี",554.30,พันคน,สำนักงานสถิติแห่งชาติ
2563,"ไตรมาสที่ 1/2563","4) ภาคตะวันออกเฉียงเหนือ","2) นอกเขตเทศบาล","5. 35-39 ปี",601.20,พันคน,สำนักงานสถิติแห่งชาติ
2563,"ไตรมาสที่ 1/2563","4) ภาคตะวันออกเฉียงเหนือ","2) นอกเขตเทศบาล","6. 40-49 ปี",1796.20,พันคน,สำนักงานสถิติแห่งชาติ
2563,"ไตรมาสที่ 1/2563","4) ภาคตะวันออกเฉียงเหนือ","2) นอกเขตเทศบาล","7. 50-59 ปี",2037.60,พันคน,สำนักงานสถิติแห่งชาติ
2563,"ไตรมาสที่ 1/2563","4) ภาคตะวันออกเฉียงเหนือ","2) นอกเขตเทศบาล","8. 60 ปีขึ้นไป",2773.50,พันคน,สำนักงานสถิติแห่งชาติ
2563,"ไตรมาสที่ 1/2563","5) ภาคใต้","1) เขตเทศบาล","1. 15-19 ปี",225.80,พันคน,สำนักงานสถิติแห่งชาติ
2563,"ไตรมาสที่ 1/2563","5) ภาคใต้","1) เขตเทศบาล","2. 20-24 ปี",242.80,พันคน,สำนักงานสถิติแห่งชาติ
2563,"ไตรมาสที่ 1/2563","5) ภาคใต้","1) เขตเทศบาล","3. 25-29 ปี",238.80,พันคน,สำนักงานสถิติแห่งชาติ
2563,"ไตรมาสที่ 1/2563","5) ภาคใต้","1) เขตเทศบาล","4. 30-34 ปี",231.40,พันคน,สำนักงานสถิติแห่งชาติ
2563,"ไตรมาสที่ 1/2563","5) ภาคใต้","1) เขตเทศบาล","5. 35-39 ปี",226.10,พันคน,สำนักงานสถิติแห่งชาติ
2563,"ไตรมาสที่ 1/2563","5) ภาคใต้","1) เขตเทศบาล","6. 40-49 ปี",464.90,พันคน,สำนักงานสถิติแห่งชาติ
2563,"ไตรมาสที่ 1/2563","5) ภาคใต้","1) เขตเทศบาล","7. 50-59 ปี",415.40,พันคน,สำนักงานสถิติแห่งชาติ
2563,"ไตรมาสที่ 1/2563","5) ภาคใต้","1) เขตเทศบาล","8. 60 ปีขึ้นไป",480.20,พันคน,สำนักงานสถิติแห่งชาติ
2563,"ไตรมาสที่ 1/2563","5) ภาคใต้","2) นอกเขตเทศบาล","1. 15-19 ปี",454.20,พันคน,สำนักงานสถิติแห่งชาติ
2563,"ไตรมาสที่ 1/2563","5) ภาคใต้","2) นอกเขตเทศบาล","2. 20-24 ปี",456.40,พันคน,สำนักงานสถิติแห่งชาติ
2563,"ไตรมาสที่ 1/2563","5) ภาคใต้","2) นอกเขตเทศบาล","3. 25-29 ปี",446.30,พันคน,สำนักงานสถิติแห่งชาติ
2563,"ไตรมาสที่ 1/2563","5) ภาคใต้","2) นอกเขตเทศบาล","4. 30-34 ปี",429.90,พันคน,สำนักงานสถิติแห่งชาติ
2563,"ไตรมาสที่ 1/2563","5) ภาคใต้","2) นอกเขตเทศบาล","5. 35-39 ปี",430.70,พันคน,สำนักงานสถิติแห่งชาติ
2563,"ไตรมาสที่ 1/2563","5) ภาคใต้","2) นอกเขตเทศบาล","6. 40-49 ปี",912.00,พันคน,สำนักงานสถิติแห่งชาติ
2563,"ไตรมาสที่ 1/2563","5) ภาคใต้","2) นอกเขตเทศบาล","7. 50-59 ปี",829.50,พันคน,สำนักงานสถิติแห่งชาติ
2563,"ไตรมาสที่ 1/2563","5) ภาคใต้","2) นอกเขตเทศบาล","8. 60 ปีขึ้นไป",984.80,พันคน,สำนักงานสถิติแห่งชาติ
2563,"ไตรมาสที่ 2/2563","1) กรุงเทพมหานคร","1) เขตเทศบาล","1. 15-19 ปี",366.70,พันคน,สำนักงานสถิติแห่งชาติ
2563,"ไตรมาสที่ 2/2563","1) กรุงเทพมหานคร","1) เขตเทศบาล","2. 20-24 ปี",535.90,พันคน,สำนักงานสถิติแห่งชาติ
2563,"ไตรมาสที่ 2/2563","1) กรุงเทพมหานคร","1) เขตเทศบาล","3. 25-29 ปี",766.80,พันคน,สำนักงานสถิติแห่งชาติ
2563,"ไตรมาสที่ 2/2563","1) กรุงเทพมหานคร","1) เขตเทศบาล","4. 30-34 ปี",901.70,พันคน,สำนักงานสถิติแห่งชาติ
2563,"ไตรมาสที่ 2/2563","1) กรุงเทพมหานคร","1) เขตเทศบาล","5. 35-39 ปี",903.80,พันคน,สำนักงานสถิติแห่งชาติ
2563,"ไตรมาสที่ 2/2563","1) กรุงเทพมหานคร","1) เขตเทศบาล","6. 40-49 ปี",1658.30,พันคน,สำนักงานสถิติแห่งชาติ
2563,"ไตรมาสที่ 2/2563","1) กรุงเทพมหานคร","1) เขตเทศบาล","7. 50-59 ปี",1262.60,พันคน,สำนักงานสถิติแห่งชาติ
2563,"ไตรมาสที่ 2/2563","1) กรุงเทพมหานคร","1) เขตเทศบาล","8. 60 ปีขึ้นไป",1249.60,พันคน,สำนักงานสถิติแห่งชาติ
2563,"ไตรมาสที่ 2/2563","2) ภาคกลาง","1) เขตเทศบาล","1. 15-19 ปี",504.30,พันคน,สำนักงานสถิติแห่งชาติ
2563,"ไตรมาสที่ 2/2563","2) ภาคกลาง","1) เขตเทศบาล","2. 20-24 ปี",653.60,พันคน,สำนักงานสถิติแห่งชาติ
2563,"ไตรมาสที่ 2/2563","2) ภาคกลาง","1) เขตเทศบาล","3. 25-29 ปี",795.00,พันคน,สำนักงานสถิติแห่งชาติ
2563,"ไตรมาสที่ 2/2563","2) ภาคกลาง","1) เขตเทศบาล","4. 30-34 ปี",810.10,พันคน,สำนักงานสถิติแห่งชาติ
2563,"ไตรมาสที่ 2/2563","2) ภาคกลาง","1) เขตเทศบาล","5. 35-39 ปี",839.50,พันคน,สำนักงานสถิติแห่งชาติ
2563,"ไตรมาสที่ 2/2563","2) ภาคกลาง","1) เขตเทศบาล","6. 40-49 ปี",1599.80,พันคน,สำนักงานสถิติแห่งชาติ
2563,"ไตรมาสที่ 2/2563","2) ภาคกลาง","1) เขตเทศบาล","7. 50-59 ปี",1334.20,พันคน,สำนักงานสถิติแห่งชาติ
2563,"ไตรมาสที่ 2/2563","2) ภาคกลาง","1) เขตเทศบาล","8. 60 ปีขึ้นไป",1439.60,พันคน,สำนักงานสถิติแห่งชาติ
2563,"ไตรมาสที่ 2/2563","2) ภาคกลาง","2) นอกเขตเทศบาล","1. 15-19 ปี",626.60,พันคน,สำนักงานสถิติแห่งชาติ
2563,"ไตรมาสที่ 2/2563","2) ภาคกลาง","2) นอกเขตเทศบาล","2. 20-24 ปี",745.20,พันคน,สำนักงานสถิติแห่งชาติ
2563,"ไตรมาสที่ 2/2563","2) ภาคกลาง","2) นอกเขตเทศบาล","3. 25-29 ปี",836.60,พันคน,สำนักงานสถิติแห่งชาติ
2563,"ไตรมาสที่ 2/2563","2) ภาคกลาง","2) นอกเขตเทศบาล","4. 30-34 ปี",851.60,พันคน,สำนักงานสถิติแห่งชาติ
2563,"ไตรมาสที่ 2/2563","2) ภาคกลาง","2) นอกเขตเทศบาล","5. 35-39 ปี",893.70,พันคน,สำนักงานสถิติแห่งชาติ
2563,"ไตรมาสที่ 2/2563","2) ภาคกลาง","2) นอกเขตเทศบาล","6. 40-49 ปี",1803.10,พันคน,สำนักงานสถิติแห่งชาติ
2563,"ไตรมาสที่ 2/2563","2) ภาคกลาง","2) นอกเขตเทศบาล","7. 50-59 ปี",1613.00,พันคน,สำนักงานสถิติแห่งชาติ
2563,"ไตรมาสที่ 2/2563","2) ภาคกลาง","2) นอกเขตเทศบาล","8. 60 ปีขึ้นไป",1853.40,พันคน,สำนักงานสถิติแห่งชาติ
2563,"ไตรมาสที่ 2/2563","3) ภาคเหนือ","1) เขตเทศบาล","1. 15-19 ปี",263.10,พันคน,สำนักงานสถิติแห่งชาติ
2563,"ไตรมาสที่ 2/2563","3) ภาคเหนือ","1) เขตเทศบาล","2. 20-24 ปี",287.60,พันคน,สำนักงานสถิติแห่งชาติ
2563,"ไตรมาสที่ 2/2563","3) ภาคเหนือ","1) เขตเทศบาล","3. 25-29 ปี",266.20,พันคน,สำนักงานสถิติแห่งชาติ
2563,"ไตรมาสที่ 2/2563","3) ภาคเหนือ","1) เขตเทศบาล","4. 30-34 ปี",210.90,พันคน,สำนักงานสถิติแห่งชาติ
2563,"ไตรมาสที่ 2/2563","3) ภาคเหนือ","1) เขตเทศบาล","5. 35-39 ปี",206.80,พันคน,สำนักงานสถิติแห่งชาติ
2563,"ไตรมาสที่ 2/2563","3) ภาคเหนือ","1) เขตเทศบาล","6. 40-49 ปี",512.90,พันคน,สำนักงานสถิติแห่งชาติ
2563,"ไตรมาสที่ 2/2563","3) ภาคเหนือ","1) เขตเทศบาล","7. 50-59 ปี",660.20,พันคน,สำนักงานสถิติแห่งชาติ
2563,"ไตรมาสที่ 2/2563","3) ภาคเหนือ","1) เขตเทศบาล","8. 60 ปีขึ้นไป",920.40,พันคน,สำนักงานสถิติแห่งชาติ
2563,"ไตรมาสที่ 2/2563","3) ภาคเหนือ","2) นอกเขตเทศบาล","1. 15-19 ปี",490.00,พันคน,สำนักงานสถิติแห่งชาติ
2563,"ไตรมาสที่ 2/2563","3) ภาคเหนือ","2) นอกเขตเทศบาล","2. 20-24 ปี",504.30,พันคน,สำนักงานสถิติแห่งชาติ
2563,"ไตรมาสที่ 2/2563","3) ภาคเหนือ","2) นอกเขตเทศบาล","3. 25-29 ปี",471.20,พันคน,สำนักงานสถิติแห่งชาติ
2563,"ไตรมาสที่ 2/2563","3) ภาคเหนือ","2) นอกเขตเทศบาล","4. 30-34 ปี",388.70,พันคน,สำนักงานสถิติแห่งชาติ
2563,"ไตรมาสที่ 2/2563","3) ภาคเหนือ","2) นอกเขตเทศบาล","5. 35-39 ปี",394.70,พันคน,สำนักงานสถิติแห่งชาติ
2563,"ไตรมาสที่ 2/2563","3) ภาคเหนือ","2) นอกเขตเทศบาล","6. 40-49 ปี",956.70,พันคน,สำนักงานสถิติแห่งชาติ
2563,"ไตรมาสที่ 2/2563","3) ภาคเหนือ","2) นอกเขตเทศบาล","7. 50-59 ปี",1199.90,พันคน,สำนักงานสถิติแห่งชาติ
2563,"ไตรมาสที่ 2/2563","3) ภาคเหนือ","2) นอกเขตเทศบาล","8. 60 ปีขึ้นไป",1752.20,พันคน,สำนักงานสถิติแห่งชาติ
2563,"ไตรมาสที่ 2/2563","4) ภาคตะวันออกเฉียงเหนือ","1) เขตเทศบาล","1. 15-19 ปี",426.50,พันคน,สำนักงานสถิติแห่งชาติ
2563,"ไตรมาสที่ 2/2563","4) ภาคตะวันออกเฉียงเหนือ","1) เขตเทศบาล","2. 20-24 ปี",430.20,พันคน,สำนักงานสถิติแห่งชาติ
2563,"ไตรมาสที่ 2/2563","4) ภาคตะวันออกเฉียงเหนือ","1) เขตเทศบาล","3. 25-29 ปี",333.90,พันคน,สำนักงานสถิติแห่งชาติ
2563,"ไตรมาสที่ 2/2563","4) ภาคตะวันออกเฉียงเหนือ","1) เขตเทศบาล","4. 30-34 ปี",231.40,พันคน,สำนักงานสถิติแห่งชาติ
2563,"ไตรมาสที่ 2/2563","4) ภาคตะวันออกเฉียงเหนือ","1) เขตเทศบาล","5. 35-39 ปี",248.30,พันคน,สำนักงานสถิติแห่งชาติ
2563,"ไตรมาสที่ 2/2563","4) ภาคตะวันออกเฉียงเหนือ","1) เขตเทศบาล","6. 40-49 ปี",743.20,พันคน,สำนักงานสถิติแห่งชาติ
2563,"ไตรมาสที่ 2/2563","4) ภาคตะวันออกเฉียงเหนือ","1) เขตเทศบาล","7. 50-59 ปี",847.70,พันคน,สำนักงานสถิติแห่งชาติ
2563,"ไตรมาสที่ 2/2563","4) ภาคตะวันออกเฉียงเหนือ","1) เขตเทศบาล","8. 60 ปีขึ้นไป",1138.60,พันคน,สำนักงานสถิติแห่งชาติ
2563,"ไตรมาสที่ 2/2563","4) ภาคตะวันออกเฉียงเหนือ","2) นอกเขตเทศบาล","1. 15-19 ปี",1029.50,พันคน,สำนักงานสถิติแห่งชาติ
2563,"ไตรมาสที่ 2/2563","4) ภาคตะวันออกเฉียงเหนือ","2) นอกเขตเทศบาล","2. 20-24 ปี",1023.00,พันคน,สำนักงานสถิติแห่งชาติ
2563,"ไตรมาสที่ 2/2563","4) ภาคตะวันออกเฉียงเหนือ","2) นอกเขตเทศบาล","3. 25-29 ปี",794.60,พันคน,สำนักงานสถิติแห่งชาติ
2563,"ไตรมาสที่ 2/2563","4) ภาคตะวันออกเฉียงเหนือ","2) นอกเขตเทศบาล","4. 30-34 ปี",553.60,พันคน,สำนักงานสถิติแห่งชาติ
2563,"ไตรมาสที่ 2/2563","4) ภาคตะวันออกเฉียงเหนือ","2) นอกเขตเทศบาล","5. 35-39 ปี",593.70,พันคน,สำนักงานสถิติแห่งชาติ
2563,"ไตรมาสที่ 2/2563","4) ภาคตะวันออกเฉียงเหนือ","2) นอกเขตเทศบาล","6. 40-49 ปี",1776.10,พันคน,สำนักงานสถิติแห่งชาติ
2563,"ไตรมาสที่ 2/2563","4) ภาคตะวันออกเฉียงเหนือ","2) นอกเขตเทศบาล","7. 50-59 ปี",2039.20,พันคน,สำนักงานสถิติแห่งชาติ
2563,"ไตรมาสที่ 2/2563","4) ภาคตะวันออกเฉียงเหนือ","2) นอกเขตเทศบาล","8. 60 ปีขึ้นไป",2794.40,พันคน,สำนักงานสถิติแห่งชาติ
2563,"ไตรมาสที่ 2/2563","5) ภาคใต้","1) เขตเทศบาล","1. 15-19 ปี",225.20,พันคน,สำนักงานสถิติแห่งชาติ
2563,"ไตรมาสที่ 2/2563","5) ภาคใต้","1) เขตเทศบาล","2. 20-24 ปี",242.70,พันคน,สำนักงานสถิติแห่งชาติ
2563,"ไตรมาสที่ 2/2563","5) ภาคใต้","1) เขตเทศบาล","3. 25-29 ปี",239.20,พันคน,สำนักงานสถิติแห่งชาติ
2563,"ไตรมาสที่ 2/2563","5) ภาคใต้","1) เขตเทศบาล","4. 30-34 ปี",231.00,พันคน,สำนักงานสถิติแห่งชาติ
2563,"ไตรมาสที่ 2/2563","5) ภาคใต้","1) เขตเทศบาล","5. 35-39 ปี",225.50,พันคน,สำนักงานสถิติแห่งชาติ
2563,"ไตรมาสที่ 2/2563","5) ภาคใต้","1) เขตเทศบาล","6. 40-49 ปี",464.10,พันคน,สำนักงานสถิติแห่งชาติ
2563,"ไตรมาสที่ 2/2563","5) ภาคใต้","1) เขตเทศบาล","7. 50-59 ปี",417.30,พันคน,สำนักงานสถิติแห่งชาติ
2563,"ไตรมาสที่ 2/2563","5) ภาคใต้","1) เขตเทศบาล","8. 60 ปีขึ้นไป",484.60,พันคน,สำนักงานสถิติแห่งชาติ
2563,"ไตรมาสที่ 2/2563","5) ภาคใต้","2) นอกเขตเทศบาล","1. 15-19 ปี",452.90,พันคน,สำนักงานสถิติแห่งชาติ
2563,"ไตรมาสที่ 2/2563","5) ภาคใต้","2) นอกเขตเทศบาล","2. 20-24 ปี",456.20,พันคน,สำนักงานสถิติแห่งชาติ
2563,"ไตรมาสที่ 2/2563","5) ภาคใต้","2) นอกเขตเทศบาล","3. 25-29 ปี",447.00,พันคน,สำนักงานสถิติแห่งชาติ
2563,"ไตรมาสที่ 2/2563","5) ภาคใต้","2) นอกเขตเทศบาล","4. 30-34 ปี",429.20,พันคน,สำนักงานสถิติแห่งชาติ
2563,"ไตรมาสที่ 2/2563","5) ภาคใต้","2) นอกเขตเทศบาล","5. 35-39 ปี",429.50,พันคน,สำนักงานสถิติแห่งชาติ
2563,"ไตรมาสที่ 2/2563","5) ภาคใต้","2) นอกเขตเทศบาล","6. 40-49 ปี",910.30,พันคน,สำนักงานสถิติแห่งชาติ
2563,"ไตรมาสที่ 2/2563","5) ภาคใต้","2) นอกเขตเทศบาล","7. 50-59 ปี",833.50,พันคน,สำนักงานสถิติแห่งชาติ
2563,"ไตรมาสที่ 2/2563","5) ภาคใต้","2) นอกเขตเทศบาล","8. 60 ปีขึ้นไป",993.80,พันคน,สำนักงานสถิติแห่งชาติ
2563,"ไตรมาสที่ 3/2563","1) กรุงเทพมหานคร","1) เขตเทศบาล","1. 15-19 ปี",363.40,พันคน,สำนักงานสถิติแห่งชาติ
2563,"ไตรมาสที่ 3/2563","1) กรุงเทพมหานคร","1) เขตเทศบาล","2. 20-24 ปี",533.10,พันคน,สำนักงานสถิติแห่งชาติ
2563,"ไตรมาสที่ 3/2563","1) กรุงเทพมหานคร","1) เขตเทศบาล","3. 25-29 ปี",753.10,พันคน,สำนักงานสถิติแห่งชาติ
2563,"ไตรมาสที่ 3/2563","1) กรุงเทพมหานคร","1) เขตเทศบาล","4. 30-34 ปี",901.30,พันคน,สำนักงานสถิติแห่งชาติ
2563,"ไตรมาสที่ 3/2563","1) กรุงเทพมหานคร","1) เขตเทศบาล","5. 35-39 ปี",899.20,พันคน,สำนักงานสถิติแห่งชาติ
2563,"ไตรมาสที่ 3/2563","1) กรุงเทพมหานคร","1) เขตเทศบาล","6. 40-49 ปี",1663.20,พันคน,สำนักงานสถิติแห่งชาติ
2563,"ไตรมาสที่ 3/2563","1) กรุงเทพมหานคร","1) เขตเทศบาล","7. 50-59 ปี",1271.20,พันคน,สำนักงานสถิติแห่งชาติ
2563,"ไตรมาสที่ 3/2563","1) กรุงเทพมหานคร","1) เขตเทศบาล","8. 60 ปีขึ้นไป",1266.90,พันคน,สำนักงานสถิติแห่งชาติ
2563,"ไตรมาสที่ 3/2563","2) ภาคกลาง","1) เขตเทศบาล","1. 15-19 ปี",502.90,พันคน,สำนักงานสถิติแห่งชาติ
2563,"ไตรมาสที่ 3/2563","2) ภาคกลาง","1) เขตเทศบาล","2. 20-24 ปี",652.70,พันคน,สำนักงานสถิติแห่งชาติ
2563,"ไตรมาสที่ 3/2563","2) ภาคกลาง","1) เขตเทศบาล","3. 25-29 ปี",793.10,พันคน,สำนักงานสถิติแห่งชาติ
2563,"ไตรมาสที่ 3/2563","2) ภาคกลาง","1) เขตเทศบาล","4. 30-34 ปี",810.80,พันคน,สำนักงานสถิติแห่งชาติ
2563,"ไตรมาสที่ 3/2563","2) ภาคกลาง","1) เขตเทศบาล","5. 35-39 ปี",837.10,พันคน,สำนักงานสถิติแห่งชาติ
2563,"ไตรมาสที่ 3/2563","2) ภาคกลาง","1) เขตเทศบาล","6. 40-49 ปี",1604.20,พันคน,สำนักงานสถิติแห่งชาติ
2563,"ไตรมาสที่ 3/2563","2) ภาคกลาง","1) เขตเทศบาล","7. 50-59 ปี",1343.50,พันคน,สำนักงานสถิติแห่งชาติ
2563,"ไตรมาสที่ 3/2563","2) ภาคกลาง","1) เขตเทศบาล","8. 60 ปีขึ้นไป",1456.70,พันคน,สำนักงานสถิติแห่งชาติ
2563,"ไตรมาสที่ 3/2563","2) ภาคกลาง","2) นอกเขตเทศบาล","1. 15-19 ปี",624.80,พันคน,สำนักงานสถิติแห่งชาติ
2563,"ไตรมาสที่ 3/2563","2) ภาคกลาง","2) นอกเขตเทศบาล","2. 20-24 ปี",743.90,พันคน,สำนักงานสถิติแห่งชาติ
2563,"ไตรมาสที่ 3/2563","2) ภาคกลาง","2) นอกเขตเทศบาล","3. 25-29 ปี",835.40,พันคน,สำนักงานสถิติแห่งชาติ
2563,"ไตรมาสที่ 3/2563","2) ภาคกลาง","2) นอกเขตเทศบาล","4. 30-34 ปี",851.30,พันคน,สำนักงานสถิติแห่งชาติ
2563,"ไตรมาสที่ 3/2563","2) ภาคกลาง","2) นอกเขตเทศบาล","5. 35-39 ปี",890.80,พันคน,สำนักงานสถิติแห่งชาติ
2563,"ไตรมาสที่ 3/2563","2) ภาคกลาง","2) นอกเขตเทศบาล","6. 40-49 ปี",1805.40,พันคน,สำนักงานสถิติแห่งชาติ
2563,"ไตรมาสที่ 3/2563","2) ภาคกลาง","2) นอกเขตเทศบาล","7. 50-59 ปี",1621.80,พันคน,สำนักงานสถิติแห่งชาติ
2563,"ไตรมาสที่ 3/2563","2) ภาคกลาง","2) นอกเขตเทศบาล","8. 60 ปีขึ้นไป",1873.30,พันคน,สำนักงานสถิติแห่งชาติ
2563,"ไตรมาสที่ 3/2563","3) ภาคเหนือ","1) เขตเทศบาล","1. 15-19 ปี",262.30,พันคน,สำนักงานสถิติแห่งชาติ
2563,"ไตรมาสที่ 3/2563","3) ภาคเหนือ","1) เขตเทศบาล","2. 20-24 ปี",286.50,พันคน,สำนักงานสถิติแห่งชาติ
2563,"ไตรมาสที่ 3/2563","3) ภาคเหนือ","1) เขตเทศบาล","3. 25-29 ปี",268.10,พันคน,สำนักงานสถิติแห่งชาติ
2563,"ไตรมาสที่ 3/2563","3) ภาคเหนือ","1) เขตเทศบาล","4. 30-34 ปี",211.30,พันคน,สำนักงานสถิติแห่งชาติ
2563,"ไตรมาสที่ 3/2563","3) ภาคเหนือ","1) เขตเทศบาล","5. 35-39 ปี",205.70,พันคน,สำนักงานสถิติแห่งชาติ
2563,"ไตรมาสที่ 3/2563","3) ภาคเหนือ","1) เขตเทศบาล","6. 40-49 ปี",508.80,พันคน,สำนักงานสถิติแห่งชาติ
2563,"ไตรมาสที่ 3/2563","3) ภาคเหนือ","1) เขตเทศบาล","7. 50-59 ปี",657.20,พันคน,สำนักงานสถิติแห่งชาติ
2563,"ไตรมาสที่ 3/2563","3) ภาคเหนือ","1) เขตเทศบาล","8. 60 ปีขึ้นไป",928.40,พันคน,สำนักงานสถิติแห่งชาติ
2563,"ไตรมาสที่ 3/2563","3) ภาคเหนือ","2) นอกเขตเทศบาล","1. 15-19 ปี",488.30,พันคน,สำนักงานสถิติแห่งชาติ
2563,"ไตรมาสที่ 3/2563","3) ภาคเหนือ","2) นอกเขตเทศบาล","2. 20-24 ปี",502.10,พันคน,สำนักงานสถิติแห่งชาติ
2563,"ไตรมาสที่ 3/2563","3) ภาคเหนือ","2) นอกเขตเทศบาล","3. 25-29 ปี",474.30,พันคน,สำนักงานสถิติแห่งชาติ
2563,"ไตรมาสที่ 3/2563","3) ภาคเหนือ","2) นอกเขตเทศบาล","4. 30-34 ปี",389.30,พันคน,สำนักงานสถิติแห่งชาติ
2563,"ไตรมาสที่ 3/2563","3) ภาคเหนือ","2) นอกเขตเทศบาล","5. 35-39 ปี",392.40,พันคน,สำนักงานสถิติแห่งชาติ
2563,"ไตรมาสที่ 3/2563","3) ภาคเหนือ","2) นอกเขตเทศบาล","6. 40-49 ปี",948.60,พันคน,สำนักงานสถิติแห่งชาติ
2563,"ไตรมาสที่ 3/2563","3) ภาคเหนือ","2) นอกเขตเทศบาล","7. 50-59 ปี",1194.00,พันคน,สำนักงานสถิติแห่งชาติ
2563,"ไตรมาสที่ 3/2563","3) ภาคเหนือ","2) นอกเขตเทศบาล","8. 60 ปีขึ้นไป",1766.60,พันคน,สำนักงานสถิติแห่งชาติ
2563,"ไตรมาสที่ 3/2563","4) ภาคตะวันออกเฉียงเหนือ","1) เขตเทศบาล","1. 15-19 ปี",424.50,พันคน,สำนักงานสถิติแห่งชาติ
2563,"ไตรมาสที่ 3/2563","4) ภาคตะวันออกเฉียงเหนือ","1) เขตเทศบาล","2. 20-24 ปี",429.80,พันคน,สำนักงานสถิติแห่งชาติ
2563,"ไตรมาสที่ 3/2563","4) ภาคตะวันออกเฉียงเหนือ","1) เขตเทศบาล","3. 25-29 ปี",339.40,พันคน,สำนักงานสถิติแห่งชาติ
2563,"ไตรมาสที่ 3/2563","4) ภาคตะวันออกเฉียงเหนือ","1) เขตเทศบาล","4. 30-34 ปี",231.60,พันคน,สำนักงานสถิติแห่งชาติ
2563,"ไตรมาสที่ 3/2563","4) ภาคตะวันออกเฉียงเหนือ","1) เขตเทศบาล","5. 35-39 ปี",245.30,พันคน,สำนักงานสถิติแห่งชาติ
2563,"ไตรมาสที่ 3/2563","4) ภาคตะวันออกเฉียงเหนือ","1) เขตเทศบาล","6. 40-49 ปี",734.50,พันคน,สำนักงานสถิติแห่งชาติ
2563,"ไตรมาสที่ 3/2563","4) ภาคตะวันออกเฉียงเหนือ","1) เขตเทศบาล","7. 50-59 ปี",848.60,พันคน,สำนักงานสถิติแห่งชาติ
2563,"ไตรมาสที่ 3/2563","4) ภาคตะวันออกเฉียงเหนือ","1) เขตเทศบาล","8. 60 ปีขึ้นไป",1147.70,พันคน,สำนักงานสถิติแห่งชาติ
2563,"ไตรมาสที่ 3/2563","4) ภาคตะวันออกเฉียงเหนือ","2) นอกเขตเทศบาล","1. 15-19 ปี",1024.40,พันคน,สำนักงานสถิติแห่งชาติ
2563,"ไตรมาสที่ 3/2563","4) ภาคตะวันออกเฉียงเหนือ","2) นอกเขตเทศบาล","2. 20-24 ปี",1021.70,พันคน,สำนักงานสถิติแห่งชาติ
2563,"ไตรมาสที่ 3/2563","4) ภาคตะวันออกเฉียงเหนือ","2) นอกเขตเทศบาล","3. 25-29 ปี",807.30,พันคน,สำนักงานสถิติแห่งชาติ
2563,"ไตรมาสที่ 3/2563","4) ภาคตะวันออกเฉียงเหนือ","2) นอกเขตเทศบาล","4. 30-34 ปี",553.80,พันคน,สำนักงานสถิติแห่งชาติ
2563,"ไตรมาสที่ 3/2563","4) ภาคตะวันออกเฉียงเหนือ","2) นอกเขตเทศบาล","5. 35-39 ปี",586.40,พันคน,สำนักงานสถิติแห่งชาติ
2563,"ไตรมาสที่ 3/2563","4) ภาคตะวันออกเฉียงเหนือ","2) นอกเขตเทศบาล","6. 40-49 ปี",1754.70,พันคน,สำนักงานสถิติแห่งชาติ
2563,"ไตรมาสที่ 3/2563","4) ภาคตะวันออกเฉียงเหนือ","2) นอกเขตเทศบาล","7. 50-59 ปี",2040.70,พันคน,สำนักงานสถิติแห่งชาติ
2563,"ไตรมาสที่ 3/2563","4) ภาคตะวันออกเฉียงเหนือ","2) นอกเขตเทศบาล","8. 60 ปีขึ้นไป",2815.50,พันคน,สำนักงานสถิติแห่งชาติ
2563,"ไตรมาสที่ 3/2563","5) ภาคใต้","1) เขตเทศบาล","1. 15-19 ปี",224.60,พันคน,สำนักงานสถิติแห่งชาติ
2563,"ไตรมาสที่ 3/2563","5) ภาคใต้","1) เขตเทศบาล","2. 20-24 ปี",242.70,พันคน,สำนักงานสถิติแห่งชาติ
2563,"ไตรมาสที่ 3/2563","5) ภาคใต้","1) เขตเทศบาล","3. 25-29 ปี",239.70,พันคน,สำนักงานสถิติแห่งชาติ
2563,"ไตรมาสที่ 3/2563","5) ภาคใต้","1) เขตเทศบาล","4. 30-34 ปี",230.70,พันคน,สำนักงานสถิติแห่งชาติ
2563,"ไตรมาสที่ 3/2563","5) ภาคใต้","1) เขตเทศบาล","5. 35-39 ปี",224.90,พันคน,สำนักงานสถิติแห่งชาติ
2563,"ไตรมาสที่ 3/2563","5) ภาคใต้","1) เขตเทศบาล","6. 40-49 ปี",463.30,พันคน,สำนักงานสถิติแห่งชาติ
2563,"ไตรมาสที่ 3/2563","5) ภาคใต้","1) เขตเทศบาล","7. 50-59 ปี",419.10,พันคน,สำนักงานสถิติแห่งชาติ
2563,"ไตรมาสที่ 3/2563","5) ภาคใต้","1) เขตเทศบาล","8. 60 ปีขึ้นไป",489.30,พันคน,สำนักงานสถิติแห่งชาติ
2563,"ไตรมาสที่ 3/2563","5) ภาคใต้","2) นอกเขตเทศบาล","1. 15-19 ปี",451.50,พันคน,สำนักงานสถิติแห่งชาติ
2563,"ไตรมาสที่ 3/2563","5) ภาคใต้","2) นอกเขตเทศบาล","2. 20-24 ปี",456.10,พันคน,สำนักงานสถิติแห่งชาติ
2563,"ไตรมาสที่ 3/2563","5) ภาคใต้","2) นอกเขตเทศบาล","3. 25-29 ปี",447.90,พันคน,สำนักงานสถิติแห่งชาติ
2563,"ไตรมาสที่ 3/2563","5) ภาคใต้","2) นอกเขตเทศบาล","4. 30-34 ปี",428.40,พันคน,สำนักงานสถิติแห่งชาติ
2563,"ไตรมาสที่ 3/2563","5) ภาคใต้","2) นอกเขตเทศบาล","5. 35-39 ปี",428.20,พันคน,สำนักงานสถิติแห่งชาติ
2563,"ไตรมาสที่ 3/2563","5) ภาคใต้","2) นอกเขตเทศบาล","6. 40-49 ปี",908.50,พันคน,สำนักงานสถิติแห่งชาติ
2563,"ไตรมาสที่ 3/2563","5) ภาคใต้","2) นอกเขตเทศบาล","7. 50-59 ปี",837.00,พันคน,สำนักงานสถิติแห่งชาติ
2563,"ไตรมาสที่ 3/2563","5) ภาคใต้","2) นอกเขตเทศบาล","8. 60 ปีขึ้นไป",1003.10,พันคน,สำนักงานสถิติแห่งชาติ
2563,"ไตรมาสที่ 4/2563","1) กรุงเทพมหานคร","1) เขตเทศบาล","1. 15-19 ปี",359.20,พันคน,สำนักงานสถิติแห่งชาติ
2563,"ไตรมาสที่ 4/2563","1) กรุงเทพมหานคร","1) เขตเทศบาล","2. 20-24 ปี",530.10,พันคน,สำนักงานสถิติแห่งชาติ
2563,"ไตรมาสที่ 4/2563","1) กรุงเทพมหานคร","1) เขตเทศบาล","3. 25-29 ปี",738.70,พันคน,สำนักงานสถิติแห่งชาติ
2563,"ไตรมาสที่ 4/2563","1) กรุงเทพมหานคร","1) เขตเทศบาล","4. 30-34 ปี",901.60,พันคน,สำนักงานสถิติแห่งชาติ
2563,"ไตรมาสที่ 4/2563","1) กรุงเทพมหานคร","1) เขตเทศบาล","5. 35-39 ปี",895.80,พันคน,สำนักงานสถิติแห่งชาติ
2563,"ไตรมาสที่ 4/2563","1) กรุงเทพมหานคร","1) เขตเทศบาล","6. 40-49 ปี",1668.20,พันคน,สำนักงานสถิติแห่งชาติ
2563,"ไตรมาสที่ 4/2563","1) กรุงเทพมหานคร","1) เขตเทศบาล","7. 50-59 ปี",1278.50,พันคน,สำนักงานสถิติแห่งชาติ
2563,"ไตรมาสที่ 4/2563","1) กรุงเทพมหานคร","1) เขตเทศบาล","8. 60 ปีขึ้นไป",1282.00,พันคน,สำนักงานสถิติแห่งชาติ
2563,"ไตรมาสที่ 4/2563","2) ภาคกลาง","1) เขตเทศบาล","1. 15-19 ปี",502.00,พันคน,สำนักงานสถิติแห่งชาติ
2563,"ไตรมาสที่ 4/2563","2) ภาคกลาง","1) เขตเทศบาล","2. 20-24 ปี",651.50,พันคน,สำนักงานสถิติแห่งชาติ
2563,"ไตรมาสที่ 4/2563","2) ภาคกลาง","1) เขตเทศบาล","3. 25-29 ปี",790.50,พันคน,สำนักงานสถิติแห่งชาติ
2563,"ไตรมาสที่ 4/2563","2) ภาคกลาง","1) เขตเทศบาล","4. 30-34 ปี",811.80,พันคน,สำนักงานสถิติแห่งชาติ
2563,"ไตรมาสที่ 4/2563","2) ภาคกลาง","1) เขตเทศบาล","5. 35-39 ปี",835.00,พันคน,สำนักงานสถิติแห่งชาติ
2563,"ไตรมาสที่ 4/2563","2) ภาคกลาง","1) เขตเทศบาล","6. 40-49 ปี",1608.20,พันคน,สำนักงานสถิติแห่งชาติ
2563,"ไตรมาสที่ 4/2563","2) ภาคกลาง","1) เขตเทศบาล","7. 50-59 ปี",1351.50,พันคน,สำนักงานสถิติแห่งชาติ
2563,"ไตรมาสที่ 4/2563","2) ภาคกลาง","1) เขตเทศบาล","8. 60 ปีขึ้นไป",1473.20,พันคน,สำนักงานสถิติแห่งชาติ
2563,"ไตรมาสที่ 4/2563","2) ภาคกลาง","2) นอกเขตเทศบาล","1. 15-19 ปี",623.70,พันคน,สำนักงานสถิติแห่งชาติ
2563,"ไตรมาสที่ 4/2563","2) ภาคกลาง","2) นอกเขตเทศบาล","2. 20-24 ปี",742.40,พันคน,สำนักงานสถิติแห่งชาติ
2563,"ไตรมาสที่ 4/2563","2) ภาคกลาง","2) นอกเขตเทศบาล","3. 25-29 ปี",834.00,พันคน,สำนักงานสถิติแห่งชาติ
2563,"ไตรมาสที่ 4/2563","2) ภาคกลาง","2) นอกเขตเทศบาล","4. 30-34 ปี",851.60,พันคน,สำนักงานสถิติแห่งชาติ
2563,"ไตรมาสที่ 4/2563","2) ภาคกลาง","2) นอกเขตเทศบาล","5. 35-39 ปี",888.20,พันคน,สำนักงานสถิติแห่งชาติ
2563,"ไตรมาสที่ 4/2563","2) ภาคกลาง","2) นอกเขตเทศบาล","6. 40-49 ปี",1807.90,พันคน,สำนักงานสถิติแห่งชาติ
2563,"ไตรมาสที่ 4/2563","2) ภาคกลาง","2) นอกเขตเทศบาล","7. 50-59 ปี",1629.70,พันคน,สำนักงานสถิติแห่งชาติ
2563,"ไตรมาสที่ 4/2563","2) ภาคกลาง","2) นอกเขตเทศบาล","8. 60 ปีขึ้นไป",1893.20,พันคน,สำนักงานสถิติแห่งชาติ
2563,"ไตรมาสที่ 4/2563","3) ภาคเหนือ","1) เขตเทศบาล","1. 15-19 ปี",261.30,พันคน,สำนักงานสถิติแห่งชาติ
2563,"ไตรมาสที่ 4/2563","3) ภาคเหนือ","1) เขตเทศบาล","2. 20-24 ปี",285.30,พันคน,สำนักงานสถิติแห่งชาติ
2563,"ไตรมาสที่ 4/2563","3) ภาคเหนือ","1) เขตเทศบาล","3. 25-29 ปี",269.50,พันคน,สำนักงานสถิติแห่งชาติ
2563,"ไตรมาสที่ 4/2563","3) ภาคเหนือ","1) เขตเทศบาล","4. 30-34 ปี",212.00,พันคน,สำนักงานสถิติแห่งชาติ
2563,"ไตรมาสที่ 4/2563","3) ภาคเหนือ","1) เขตเทศบาล","5. 35-39 ปี",204.60,พันคน,สำนักงานสถิติแห่งชาติ
2563,"ไตรมาสที่ 4/2563","3) ภาคเหนือ","1) เขตเทศบาล","6. 40-49 ปี",504.70,พันคน,สำนักงานสถิติแห่งชาติ
2563,"ไตรมาสที่ 4/2563","3) ภาคเหนือ","1) เขตเทศบาล","7. 50-59 ปี",653.30,พันคน,สำนักงานสถิติแห่งชาติ
2563,"ไตรมาสที่ 4/2563","3) ภาคเหนือ","1) เขตเทศบาล","8. 60 ปีขึ้นไป",936.30,พันคน,สำนักงานสถิติแห่งชาติ
2563,"ไตรมาสที่ 4/2563","3) ภาคเหนือ","2) นอกเขตเทศบาล","1. 15-19 ปี",486.50,พันคน,สำนักงานสถิติแห่งชาติ
2563,"ไตรมาสที่ 4/2563","3) ภาคเหนือ","2) นอกเขตเทศบาล","2. 20-24 ปี",500.10,พันคน,สำนักงานสถิติแห่งชาติ
2563,"ไตรมาสที่ 4/2563","3) ภาคเหนือ","2) นอกเขตเทศบาล","3. 25-29 ปี",476.70,พันคน,สำนักงานสถิติแห่งชาติ
2563,"ไตรมาสที่ 4/2563","3) ภาคเหนือ","2) นอกเขตเทศบาล","4. 30-34 ปี",390.50,พันคน,สำนักงานสถิติแห่งชาติ
2563,"ไตรมาสที่ 4/2563","3) ภาคเหนือ","2) นอกเขตเทศบาล","5. 35-39 ปี",390.20,พันคน,สำนักงานสถิติแห่งชาติ
2563,"ไตรมาสที่ 4/2563","3) ภาคเหนือ","2) นอกเขตเทศบาล","6. 40-49 ปี",940.90,พันคน,สำนักงานสถิติแห่งชาติ
2563,"ไตรมาสที่ 4/2563","3) ภาคเหนือ","2) นอกเขตเทศบาล","7. 50-59 ปี",1187.00,พันคน,สำนักงานสถิติแห่งชาติ
2563,"ไตรมาสที่ 4/2563","3) ภาคเหนือ","2) นอกเขตเทศบาล","8. 60 ปีขึ้นไป",1781.80,พันคน,สำนักงานสถิติแห่งชาติ
2563,"ไตรมาสที่ 4/2563","4) ภาคตะวันออกเฉียงเหนือ","1) เขตเทศบาล","1. 15-19 ปี",422.20,พันคน,สำนักงานสถิติแห่งชาติ
2563,"ไตรมาสที่ 4/2563","4) ภาคตะวันออกเฉียงเหนือ","1) เขตเทศบาล","2. 20-24 ปี",428.80,พันคน,สำนักงานสถิติแห่งชาติ
2563,"ไตรมาสที่ 4/2563","4) ภาคตะวันออกเฉียงเหนือ","1) เขตเทศบาล","3. 25-29 ปี",344.10,พันคน,สำนักงานสถิติแห่งชาติ
2563,"ไตรมาสที่ 4/2563","4) ภาคตะวันออกเฉียงเหนือ","1) เขตเทศบาล","4. 30-34 ปี",232.40,พันคน,สำนักงานสถิติแห่งชาติ
2563,"ไตรมาสที่ 4/2563","4) ภาคตะวันออกเฉียงเหนือ","1) เขตเทศบาล","5. 35-39 ปี",242.40,พันคน,สำนักงานสถิติแห่งชาติ
2563,"ไตรมาสที่ 4/2563","4) ภาคตะวันออกเฉียงเหนือ","1) เขตเทศบาล","6. 40-49 ปี",724.70,พันคน,สำนักงานสถิติแห่งชาติ
2563,"ไตรมาสที่ 4/2563","4) ภาคตะวันออกเฉียงเหนือ","1) เขตเทศบาล","7. 50-59 ปี",849.30,พันคน,สำนักงานสถิติแห่งชาติ
2563,"ไตรมาสที่ 4/2563","4) ภาคตะวันออกเฉียงเหนือ","1) เขตเทศบาล","8. 60 ปีขึ้นไป",1156.70,พันคน,สำนักงานสถิติแห่งชาติ
2563,"ไตรมาสที่ 4/2563","4) ภาคตะวันออกเฉียงเหนือ","2) นอกเขตเทศบาล","1. 15-19 ปี",1018.90,พันคน,สำนักงานสถิติแห่งชาติ
2563,"ไตรมาสที่ 4/2563","4) ภาคตะวันออกเฉียงเหนือ","2) นอกเขตเทศบาล","2. 20-24 ปี",1019.30,พันคน,สำนักงานสถิติแห่งชาติ
2563,"ไตรมาสที่ 4/2563","4) ภาคตะวันออกเฉียงเหนือ","2) นอกเขตเทศบาล","3. 25-29 ปี",818.40,พันคน,สำนักงานสถิติแห่งชาติ
2563,"ไตรมาสที่ 4/2563","4) ภาคตะวันออกเฉียงเหนือ","2) นอกเขตเทศบาล","4. 30-34 ปี",555.80,พันคน,สำนักงานสถิติแห่งชาติ
2563,"ไตรมาสที่ 4/2563","4) ภาคตะวันออกเฉียงเหนือ","2) นอกเขตเทศบาล","5. 35-39 ปี",579.50,พันคน,สำนักงานสถิติแห่งชาติ
2563,"ไตรมาสที่ 4/2563","4) ภาคตะวันออกเฉียงเหนือ","2) นอกเขตเทศบาล","6. 40-49 ปี",1731.30,พันคน,สำนักงานสถิติแห่งชาติ
2563,"ไตรมาสที่ 4/2563","4) ภาคตะวันออกเฉียงเหนือ","2) นอกเขตเทศบาล","7. 50-59 ปี",2042.30,พันคน,สำนักงานสถิติแห่งชาติ
2563,"ไตรมาสที่ 4/2563","4) ภาคตะวันออกเฉียงเหนือ","2) นอกเขตเทศบาล","8. 60 ปีขึ้นไป",2837.90,พันคน,สำนักงานสถิติแห่งชาติ
2563,"ไตรมาสที่ 4/2563","5) ภาคใต้","1) เขตเทศบาล","1. 15-19 ปี",223.80,พันคน,สำนักงานสถิติแห่งชาติ
2563,"ไตรมาสที่ 4/2563","5) ภาคใต้","1) เขตเทศบาล","2. 20-24 ปี",242.70,พันคน,สำนักงานสถิติแห่งชาติ
2563,"ไตรมาสที่ 4/2563","5) ภาคใต้","1) เขตเทศบาล","3. 25-29 ปี",240.40,พันคน,สำนักงานสถิติแห่งชาติ
2563,"ไตรมาสที่ 4/2563","5) ภาคใต้","1) เขตเทศบาล","4. 30-34 ปี",230.20,พันคน,สำนักงานสถิติแห่งชาติ
2563,"ไตรมาสที่ 4/2563","5) ภาคใต้","1) เขตเทศบาล","5. 35-39 ปี",224.30,พันคน,สำนักงานสถิติแห่งชาติ
2563,"ไตรมาสที่ 4/2563","5) ภาคใต้","1) เขตเทศบาล","6. 40-49 ปี",462.30,พันคน,สำนักงานสถิติแห่งชาติ
2563,"ไตรมาสที่ 4/2563","5) ภาคใต้","1) เขตเทศบาล","7. 50-59 ปี",420.40,พันคน,สำนักงานสถิติแห่งชาติ
2563,"ไตรมาสที่ 4/2563","5) ภาคใต้","1) เขตเทศบาล","8. 60 ปีขึ้นไป",494.10,พันคน,สำนักงานสถิติแห่งชาติ
2563,"ไตรมาสที่ 4/2563","5) ภาคใต้","2) นอกเขตเทศบาล","1. 15-19 ปี",450.00,พันคน,สำนักงานสถิติแห่งชาติ
2563,"ไตรมาสที่ 4/2563","5) ภาคใต้","2) นอกเขตเทศบาล","2. 20-24 ปี",456.20,พันคน,สำนักงานสถิติแห่งชาติ
2563,"ไตรมาสที่ 4/2563","5) ภาคใต้","2) นอกเขตเทศบาล","3. 25-29 ปี",449.30,พันคน,สำนักงานสถิติแห่งชาติ
2563,"ไตรมาสที่ 4/2563","5) ภาคใต้","2) นอกเขตเทศบาล","4. 30-34 ปี",427.60,พันคน,สำนักงานสถิติแห่งชาติ
2563,"ไตรมาสที่ 4/2563","5) ภาคใต้","2) นอกเขตเทศบาล","5. 35-39 ปี",427.00,พันคน,สำนักงานสถิติแห่งชาติ
2563,"ไตรมาสที่ 4/2563","5) ภาคใต้","2) นอกเขตเทศบาล","6. 40-49 ปี",906.70,พันคน,สำนักงานสถิติแห่งชาติ
2563,"ไตรมาสที่ 4/2563","5) ภาคใต้","2) นอกเขตเทศบาล","7. 50-59 ปี",839.50,พันคน,สำนักงานสถิติแห่งชาติ
2563,"ไตรมาสที่ 4/2563","5) ภาคใต้","2) นอกเขตเทศบาล","8. 60 ปีขึ้นไป",1012.90,พันคน,สำนักงานสถิติแห่งชาติ
2564,"ไตรมาสที่ 1/2564","1) กรุงเทพมหานคร","1) เขตเทศบาล","1. 15-19 ปี",355.50,พันคน,สำนักงานสถิติแห่งชาติ
2564,"ไตรมาสที่ 1/2564","1) กรุงเทพมหานคร","1) เขตเทศบาล","2. 20-24 ปี",527.30,พันคน,สำนักงานสถิติแห่งชาติ
2564,"ไตรมาสที่ 1/2564","1) กรุงเทพมหานคร","1) เขตเทศบาล","3. 25-29 ปี",724.70,พันคน,สำนักงานสถิติแห่งชาติ
2564,"ไตรมาสที่ 1/2564","1) กรุงเทพมหานคร","1) เขตเทศบาล","4. 30-34 ปี",901.60,พันคน,สำนักงานสถิติแห่งชาติ
2564,"ไตรมาสที่ 1/2564","1) กรุงเทพมหานคร","1) เขตเทศบาล","5. 35-39 ปี",892.60,พันคน,สำนักงานสถิติแห่งชาติ
2564,"ไตรมาสที่ 1/2564","1) กรุงเทพมหานคร","1) เขตเทศบาล","6. 40-49 ปี",1673.60,พันคน,สำนักงานสถิติแห่งชาติ
2564,"ไตรมาสที่ 1/2564","1) กรุงเทพมหานคร","1) เขตเทศบาล","7. 50-59 ปี",1285.40,พันคน,สำนักงานสถิติแห่งชาติ
2564,"ไตรมาสที่ 1/2564","1) กรุงเทพมหานคร","1) เขตเทศบาล","8. 60 ปีขึ้นไป",1296.90,พันคน,สำนักงานสถิติแห่งชาติ
2564,"ไตรมาสที่ 1/2564","2) ภาคกลาง","1) เขตเทศบาล","1. 15-19 ปี",501.00,พันคน,สำนักงานสถิติแห่งชาติ
2564,"ไตรมาสที่ 1/2564","2) ภาคกลาง","1) เขตเทศบาล","2. 20-24 ปี",650.30,พันคน,สำนักงานสถิติแห่งชาติ
2564,"ไตรมาสที่ 1/2564","2) ภาคกลาง","1) เขตเทศบาล","3. 25-29 ปี",788.00,พันคน,สำนักงานสถิติแห่งชาติ
2564,"ไตรมาสที่ 1/2564","2) ภาคกลาง","1) เขตเทศบาล","4. 30-34 ปี",812.90,พันคน,สำนักงานสถิติแห่งชาติ
2564,"ไตรมาสที่ 1/2564","2) ภาคกลาง","1) เขตเทศบาล","5. 35-39 ปี",832.80,พันคน,สำนักงานสถิติแห่งชาติ
2564,"ไตรมาสที่ 1/2564","2) ภาคกลาง","1) เขตเทศบาล","6. 40-49 ปี",1612.40,พันคน,สำนักงานสถิติแห่งชาติ
2564,"ไตรมาสที่ 1/2564","2) ภาคกลาง","1) เขตเทศบาล","7. 50-59 ปี",1359.60,พันคน,สำนักงานสถิติแห่งชาติ
2564,"ไตรมาสที่ 1/2564","2) ภาคกลาง","1) เขตเทศบาล","8. 60 ปีขึ้นไป",1489.90,พันคน,สำนักงานสถิติแห่งชาติ
2564,"ไตรมาสที่ 1/2564","2) ภาคกลาง","2) นอกเขตเทศบาล","1. 15-19 ปี",622.50,พันคน,สำนักงานสถิติแห่งชาติ
2564,"ไตรมาสที่ 1/2564","2) ภาคกลาง","2) นอกเขตเทศบาล","2. 20-24 ปี",741.00,พันคน,สำนักงานสถิติแห่งชาติ
2564,"ไตรมาสที่ 1/2564","2) ภาคกลาง","2) นอกเขตเทศบาล","3. 25-29 ปี",832.50,พันคน,สำนักงานสถิติแห่งชาติ
2564,"ไตรมาสที่ 1/2564","2) ภาคกลาง","2) นอกเขตเทศบาล","4. 30-34 ปี",851.90,พันคน,สำนักงานสถิติแห่งชาติ
2564,"ไตรมาสที่ 1/2564","2) ภาคกลาง","2) นอกเขตเทศบาล","5. 35-39 ปี",885.60,พันคน,สำนักงานสถิติแห่งชาติ
2564,"ไตรมาสที่ 1/2564","2) ภาคกลาง","2) นอกเขตเทศบาล","6. 40-49 ปี",1810.30,พันคน,สำนักงานสถิติแห่งชาติ
2564,"ไตรมาสที่ 1/2564","2) ภาคกลาง","2) นอกเขตเทศบาล","7. 50-59 ปี",1637.60,พันคน,สำนักงานสถิติแห่งชาติ
2564,"ไตรมาสที่ 1/2564","2) ภาคกลาง","2) นอกเขตเทศบาล","8. 60 ปีขึ้นไป",1913.30,พันคน,สำนักงานสถิติแห่งชาติ
2564,"ไตรมาสที่ 1/2564","3) ภาคเหนือ","1) เขตเทศบาล","1. 15-19 ปี",260.40,พันคน,สำนักงานสถิติแห่งชาติ
2564,"ไตรมาสที่ 1/2564","3) ภาคเหนือ","1) เขตเทศบาล","2. 20-24 ปี",284.20,พันคน,สำนักงานสถิติแห่งชาติ
2564,"ไตรมาสที่ 1/2564","3) ภาคเหนือ","1) เขตเทศบาล","3. 25-29 ปี",270.90,พันคน,สำนักงานสถิติแห่งชาติ
2564,"ไตรมาสที่ 1/2564","3) ภาคเหนือ","1) เขตเทศบาล","4. 30-34 ปี",212.70,พันคน,สำนักงานสถิติแห่งชาติ
2564,"ไตรมาสที่ 1/2564","3) ภาคเหนือ","1) เขตเทศบาล","5. 35-39 ปี",203.40,พันคน,สำนักงานสถิติแห่งชาติ
2564,"ไตรมาสที่ 1/2564","3) ภาคเหนือ","1) เขตเทศบาล","6. 40-49 ปี",500.50,พันคน,สำนักงานสถิติแห่งชาติ
2564,"ไตรมาสที่ 1/2564","3) ภาคเหนือ","1) เขตเทศบาล","7. 50-59 ปี",649.50,พันคน,สำนักงานสถิติแห่งชาติ
2564,"ไตรมาสที่ 1/2564","3) ภาคเหนือ","1) เขตเทศบาล","8. 60 ปีขึ้นไป",944.20,พันคน,สำนักงานสถิติแห่งชาติ
2564,"ไตรมาสที่ 1/2564","3) ภาคเหนือ","2) นอกเขตเทศบาล","1. 15-19 ปี",484.70,พันคน,สำนักงานสถิติแห่งชาติ
2564,"ไตรมาสที่ 1/2564","3) ภาคเหนือ","2) นอกเขตเทศบาล","2. 20-24 ปี",498.10,พันคน,สำนักงานสถิติแห่งชาติ
2564,"ไตรมาสที่ 1/2564","3) ภาคเหนือ","2) นอกเขตเทศบาล","3. 25-29 ปี",479.20,พันคน,สำนักงานสถิติแห่งชาติ
2564,"ไตรมาสที่ 1/2564","3) ภาคเหนือ","2) นอกเขตเทศบาล","4. 30-34 ปี",391.80,พันคน,สำนักงานสถิติแห่งชาติ
2564,"ไตรมาสที่ 1/2564","3) ภาคเหนือ","2) นอกเขตเทศบาล","5. 35-39 ปี",388.00,พันคน,สำนักงานสถิติแห่งชาติ
2564,"ไตรมาสที่ 1/2564","3) ภาคเหนือ","2) นอกเขตเทศบาล","6. 40-49 ปี",933.10,พันคน,สำนักงานสถิติแห่งชาติ
2564,"ไตรมาสที่ 1/2564","3) ภาคเหนือ","2) นอกเขตเทศบาล","7. 50-59 ปี",1180.10,พันคน,สำนักงานสถิติแห่งชาติ
2564,"ไตรมาสที่ 1/2564","3) ภาคเหนือ","2) นอกเขตเทศบาล","8. 60 ปีขึ้นไป",1797.20,พันคน,สำนักงานสถิติแห่งชาติ
2564,"ไตรมาสที่ 1/2564","4) ภาคตะวันออกเฉียงเหนือ","1) เขตเทศบาล","1. 15-19 ปี",420.00,พันคน,สำนักงานสถิติแห่งชาติ
2564,"ไตรมาสที่ 1/2564","4) ภาคตะวันออกเฉียงเหนือ","1) เขตเทศบาล","2. 20-24 ปี",427.70,พันคน,สำนักงานสถิติแห่งชาติ
2564,"ไตรมาสที่ 1/2564","4) ภาคตะวันออกเฉียงเหนือ","1) เขตเทศบาล","3. 25-29 ปี",348.80,พันคน,สำนักงานสถิติแห่งชาติ
2564,"ไตรมาสที่ 1/2564","4) ภาคตะวันออกเฉียงเหนือ","1) เขตเทศบาล","4. 30-34 ปี",233.20,พันคน,สำนักงานสถิติแห่งชาติ
2564,"ไตรมาสที่ 1/2564","4) ภาคตะวันออกเฉียงเหนือ","1) เขตเทศบาล","5. 35-39 ปี",239.60,พันคน,สำนักงานสถิติแห่งชาติ
2564,"ไตรมาสที่ 1/2564","4) ภาคตะวันออกเฉียงเหนือ","1) เขตเทศบาล","6. 40-49 ปี",715.00,พันคน,สำนักงานสถิติแห่งชาติ
2564,"ไตรมาสที่ 1/2564","4) ภาคตะวันออกเฉียงเหนือ","1) เขตเทศบาล","7. 50-59 ปี",850.00,พันคน,สำนักงานสถิติแห่งชาติ
2564,"ไตรมาสที่ 1/2564","4) ภาคตะวันออกเฉียงเหนือ","1) เขตเทศบาล","8. 60 ปีขึ้นไป",1166.00,พันคน,สำนักงานสถิติแห่งชาติ
2564,"ไตรมาสที่ 1/2564","4) ภาคตะวันออกเฉียงเหนือ","2) นอกเขตเทศบาล","1. 15-19 ปี",1013.30,พันคน,สำนักงานสถิติแห่งชาติ
2564,"ไตรมาสที่ 1/2564","4) ภาคตะวันออกเฉียงเหนือ","2) นอกเขตเทศบาล","2. 20-24 ปี",1016.80,พันคน,สำนักงานสถิติแห่งชาติ
2564,"ไตรมาสที่ 1/2564","4) ภาคตะวันออกเฉียงเหนือ","2) นอกเขตเทศบาล","3. 25-29 ปี",829.60,พันคน,สำนักงานสถิติแห่งชาติ
2564,"ไตรมาสที่ 1/2564","4) ภาคตะวันออกเฉียงเหนือ","2) นอกเขตเทศบาล","4. 30-34 ปี",557.70,พันคน,สำนักงานสถิติแห่งชาติ
2564,"ไตรมาสที่ 1/2564","4) ภาคตะวันออกเฉียงเหนือ","2) นอกเขตเทศบาล","5. 35-39 ปี",572.70,พันคน,สำนักงานสถิติแห่งชาติ
2564,"ไตรมาสที่ 1/2564","4) ภาคตะวันออกเฉียงเหนือ","2) นอกเขตเทศบาล","6. 40-49 ปี",1708.10,พันคน,สำนักงานสถิติแห่งชาติ
2564,"ไตรมาสที่ 1/2564","4) ภาคตะวันออกเฉียงเหนือ","2) นอกเขตเทศบาล","7. 50-59 ปี",2044.10,พันคน,สำนักงานสถิติแห่งชาติ
2564,"ไตรมาสที่ 1/2564","4) ภาคตะวันออกเฉียงเหนือ","2) นอกเขตเทศบาล","8. 60 ปีขึ้นไป",2860.60,พันคน,สำนักงานสถิติแห่งชาติ
2564,"ไตรมาสที่ 1/2564","5) ภาคใต้","1) เขตเทศบาล","1. 15-19 ปี",223.10,พันคน,สำนักงานสถิติแห่งชาติ
2564,"ไตรมาสที่ 1/2564","5) ภาคใต้","1) เขตเทศบาล","2. 20-24 ปี",242.80,พันคน,สำนักงานสถิติแห่งชาติ
2564,"ไตรมาสที่ 1/2564","5) ภาคใต้","1) เขตเทศบาล","3. 25-29 ปี",241.10,พันคน,สำนักงานสถิติแห่งชาติ
2564,"ไตรมาสที่ 1/2564","5) ภาคใต้","1) เขตเทศบาล","4. 30-34 ปี",229.80,พันคน,สำนักงานสถิติแห่งชาติ
2564,"ไตรมาสที่ 1/2564","5) ภาคใต้","1) เขตเทศบาล","5. 35-39 ปี",223.70,พันคน,สำนักงานสถิติแห่งชาติ
2564,"ไตรมาสที่ 1/2564","5) ภาคใต้","1) เขตเทศบาล","6. 40-49 ปี",461.40,พันคน,สำนักงานสถิติแห่งชาติ
2564,"ไตรมาสที่ 1/2564","5) ภาคใต้","1) เขตเทศบาล","7. 50-59 ปี",421.60,พันคน,สำนักงานสถิติแห่งชาติ
2564,"ไตรมาสที่ 1/2564","5) ภาคใต้","1) เขตเทศบาล","8. 60 ปีขึ้นไป",498.80,พันคน,สำนักงานสถิติแห่งชาติ
2564,"ไตรมาสที่ 1/2564","5) ภาคใต้","2) นอกเขตเทศบาล","1. 15-19 ปี",448.60,พันคน,สำนักงานสถิติแห่งชาติ
2564,"ไตรมาสที่ 1/2564","5) ภาคใต้","2) นอกเขตเทศบาล","2. 20-24 ปี",456.20,พันคน,สำนักงานสถิติแห่งชาติ
2564,"ไตรมาสที่ 1/2564","5) ภาคใต้","2) นอกเขตเทศบาล","3. 25-29 ปี",450.60,พันคน,สำนักงานสถิติแห่งชาติ
2564,"ไตรมาสที่ 1/2564","5) ภาคใต้","2) นอกเขตเทศบาล","4. 30-34 ปี",426.70,พันคน,สำนักงานสถิติแห่งชาติ
2564,"ไตรมาสที่ 1/2564","5) ภาคใต้","2) นอกเขตเทศบาล","5. 35-39 ปี",425.90,พันคน,สำนักงานสถิติแห่งชาติ
2564,"ไตรมาสที่ 1/2564","5) ภาคใต้","2) นอกเขตเทศบาล","6. 40-49 ปี",905.00,พันคน,สำนักงานสถิติแห่งชาติ
2564,"ไตรมาสที่ 1/2564","5) ภาคใต้","2) นอกเขตเทศบาล","7. 50-59 ปี",842.00,พันคน,สำนักงานสถิติแห่งชาติ
2564,"ไตรมาสที่ 1/2564","5) ภาคใต้","2) นอกเขตเทศบาล","8. 60 ปีขึ้นไป",1022.90,พันคน,สำนักงานสถิติแห่งชาติ
2564,"ไตรมาสที่ 2/2564","1) กรุงเทพมหานคร","1) เขตเทศบาล","1. 15-19 ปี",351.80,พันคน,สำนักงานสถิติแห่งชาติ
2564,"ไตรมาสที่ 2/2564","1) กรุงเทพมหานคร","1) เขตเทศบาล","2. 20-24 ปี",524.50,พันคน,สำนักงานสถิติแห่งชาติ
2564,"ไตรมาสที่ 2/2564","1) กรุงเทพมหานคร","1) เขตเทศบาล","3. 25-29 ปี",710.90,พันคน,สำนักงานสถิติแห่งชาติ
2564,"ไตรมาสที่ 2/2564","1) กรุงเทพมหานคร","1) เขตเทศบาล","4. 30-34 ปี",901.70,พันคน,สำนักงานสถิติแห่งชาติ
2564,"ไตรมาสที่ 2/2564","1) กรุงเทพมหานคร","1) เขตเทศบาล","5. 35-39 ปี",889.40,พันคน,สำนักงานสถิติแห่งชาติ
2564,"ไตรมาสที่ 2/2564","1) กรุงเทพมหานคร","1) เขตเทศบาล","6. 40-49 ปี",1679.00,พันคน,สำนักงานสถิติแห่งชาติ
2564,"ไตรมาสที่ 2/2564","1) กรุงเทพมหานคร","1) เขตเทศบาล","7. 50-59 ปี",1292.30,พันคน,สำนักงานสถิติแห่งชาติ
2564,"ไตรมาสที่ 2/2564","1) กรุงเทพมหานคร","1) เขตเทศบาล","8. 60 ปีขึ้นไป",1312.00,พันคน,สำนักงานสถิติแห่งชาติ
2564,"ไตรมาสที่ 2/2564","2) ภาคกลาง","1) เขตเทศบาล","1. 15-19 ปี",500.10,พันคน,สำนักงานสถิติแห่งชาติ
2564,"ไตรมาสที่ 2/2564","2) ภาคกลาง","1) เขตเทศบาล","2. 20-24 ปี",649.20,พันคน,สำนักงานสถิติแห่งชาติ
2564,"ไตรมาสที่ 2/2564","2) ภาคกลาง","1) เขตเทศบาล","3. 25-29 ปี",785.50,พันคน,สำนักงานสถิติแห่งชาติ
2564,"ไตรมาสที่ 2/2564","2) ภาคกลาง","1) เขตเทศบาล","4. 30-34 ปี",814.00,พันคน,สำนักงานสถิติแห่งชาติ
2564,"ไตรมาสที่ 2/2564","2) ภาคกลาง","1) เขตเทศบาล","5. 35-39 ปี",830.70,พันคน,สำนักงานสถิติแห่งชาติ
2564,"ไตรมาสที่ 2/2564","2) ภาคกลาง","1) เขตเทศบาล","6. 40-49 ปี",1616.50,พันคน,สำนักงานสถิติแห่งชาติ
2564,"ไตรมาสที่ 2/2564","2) ภาคกลาง","1) เขตเทศบาล","7. 50-59 ปี",1367.70,พันคน,สำนักงานสถิติแห่งชาติ
2564,"ไตรมาสที่ 2/2564","2) ภาคกลาง","1) เขตเทศบาล","8. 60 ปีขึ้นไป",1506.80,พันคน,สำนักงานสถิติแห่งชาติ
2564,"ไตรมาสที่ 2/2564","2) ภาคกลาง","2) นอกเขตเทศบาล","1. 15-19 ปี",621.40,พันคน,สำนักงานสถิติแห่งชาติ
2564,"ไตรมาสที่ 2/2564","2) ภาคกลาง","2) นอกเขตเทศบาล","2. 20-24 ปี",739.60,พันคน,สำนักงานสถิติแห่งชาติ
2564,"ไตรมาสที่ 2/2564","2) ภาคกลาง","2) นอกเขตเทศบาล","3. 25-29 ปี",831.20,พันคน,สำนักงานสถิติแห่งชาติ
2564,"ไตรมาสที่ 2/2564","2) ภาคกลาง","2) นอกเขตเทศบาล","4. 30-34 ปี",852.20,พันคน,สำนักงานสถิติแห่งชาติ
2564,"ไตรมาสที่ 2/2564","2) ภาคกลาง","2) นอกเขตเทศบาล","5. 35-39 ปี",883.10,พันคน,สำนักงานสถิติแห่งชาติ
2564,"ไตรมาสที่ 2/2564","2) ภาคกลาง","2) นอกเขตเทศบาล","6. 40-49 ปี",1812.90,พันคน,สำนักงานสถิติแห่งชาติ
2564,"ไตรมาสที่ 2/2564","2) ภาคกลาง","2) นอกเขตเทศบาล","7. 50-59 ปี",1645.70,พันคน,สำนักงานสถิติแห่งชาติ
2564,"ไตรมาสที่ 2/2564","2) ภาคกลาง","2) นอกเขตเทศบาล","8. 60 ปีขึ้นไป",1933.70,พันคน,สำนักงานสถิติแห่งชาติ
2564,"ไตรมาสที่ 2/2564","3) ภาคเหนือ","1) เขตเทศบาล","1. 15-19 ปี",259.50,พันคน,สำนักงานสถิติแห่งชาติ
2564,"ไตรมาสที่ 2/2564","3) ภาคเหนือ","1) เขตเทศบาล","2. 20-24 ปี",283.10,พันคน,สำนักงานสถิติแห่งชาติ
2564,"ไตรมาสที่ 2/2564","3) ภาคเหนือ","1) เขตเทศบาล","3. 25-29 ปี",272.30,พันคน,สำนักงานสถิติแห่งชาติ
2564,"ไตรมาสที่ 2/2564","3) ภาคเหนือ","1) เขตเทศบาล","4. 30-34 ปี",213.40,พันคน,สำนักงานสถิติแห่งชาติ
2564,"ไตรมาสที่ 2/2564","3) ภาคเหนือ","1) เขตเทศบาล","5. 35-39 ปี",202.30,พันคน,สำนักงานสถิติแห่งชาติ
2564,"ไตรมาสที่ 2/2564","3) ภาคเหนือ","1) เขตเทศบาล","6. 40-49 ปี",496.40,พันคน,สำนักงานสถิติแห่งชาติ
2564,"ไตรมาสที่ 2/2564","3) ภาคเหนือ","1) เขตเทศบาล","7. 50-59 ปี",645.70,พันคน,สำนักงานสถิติแห่งชาติ
2564,"ไตรมาสที่ 2/2564","3) ภาคเหนือ","1) เขตเทศบาล","8. 60 ปีขึ้นไป",952.30,พันคน,สำนักงานสถิติแห่งชาติ
2564,"ไตรมาสที่ 2/2564","3) ภาคเหนือ","2) นอกเขตเทศบาล","1. 15-19 ปี",483.00,พันคน,สำนักงานสถิติแห่งชาติ
2564,"ไตรมาสที่ 2/2564","3) ภาคเหนือ","2) นอกเขตเทศบาล","2. 20-24 ปี",496.10,พันคน,สำนักงานสถิติแห่งชาติ
2564,"ไตรมาสที่ 2/2564","3) ภาคเหนือ","2) นอกเขตเทศบาล","3. 25-29 ปี",481.70,พันคน,สำนักงานสถิติแห่งชาติ
2564,"ไตรมาสที่ 2/2564","3) ภาคเหนือ","2) นอกเขตเทศบาล","4. 30-34 ปี",393.00,พันคน,สำนักงานสถิติแห่งชาติ
2564,"ไตรมาสที่ 2/2564","3) ภาคเหนือ","2) นอกเขตเทศบาล","5. 35-39 ปี",385.90,พันคน,สำนักงานสถิติแห่งชาติ
2564,"ไตรมาสที่ 2/2564","3) ภาคเหนือ","2) นอกเขตเทศบาล","6. 40-49 ปี",925.50,พันคน,สำนักงานสถิติแห่งชาติ
2564,"ไตรมาสที่ 2/2564","3) ภาคเหนือ","2) นอกเขตเทศบาล","7. 50-59 ปี",1173.30,พันคน,สำนักงานสถิติแห่งชาติ
2564,"ไตรมาสที่ 2/2564","3) ภาคเหนือ","2) นอกเขตเทศบาล","8. 60 ปีขึ้นไป",1812.80,พันคน,สำนักงานสถิติแห่งชาติ
2564,"ไตรมาสที่ 2/2564","4) ภาคตะวันออกเฉียงเหนือ","1) เขตเทศบาล","1. 15-19 ปี",417.70,พันคน,สำนักงานสถิติแห่งชาติ
2564,"ไตรมาสที่ 2/2564","4) ภาคตะวันออกเฉียงเหนือ","1) เขตเทศบาล","2. 20-24 ปี",426.70,พันคน,สำนักงานสถิติแห่งชาติ
2564,"ไตรมาสที่ 2/2564","4) ภาคตะวันออกเฉียงเหนือ","1) เขตเทศบาล","3. 25-29 ปี",353.60,พันคน,สำนักงานสถิติแห่งชาติ
2564,"ไตรมาสที่ 2/2564","4) ภาคตะวันออกเฉียงเหนือ","1) เขตเทศบาล","4. 30-34 ปี",234.10,พันคน,สำนักงานสถิติแห่งชาติ
2564,"ไตรมาสที่ 2/2564","4) ภาคตะวันออกเฉียงเหนือ","1) เขตเทศบาล","5. 35-39 ปี",236.70,พันคน,สำนักงานสถิติแห่งชาติ
2564,"ไตรมาสที่ 2/2564","4) ภาคตะวันออกเฉียงเหนือ","1) เขตเทศบาล","6. 40-49 ปี",705.40,พันคน,สำนักงานสถิติแห่งชาติ
2564,"ไตรมาสที่ 2/2564","4) ภาคตะวันออกเฉียงเหนือ","1) เขตเทศบาล","7. 50-59 ปี",850.70,พันคน,สำนักงานสถิติแห่งชาติ
2564,"ไตรมาสที่ 2/2564","4) ภาคตะวันออกเฉียงเหนือ","1) เขตเทศบาล","8. 60 ปีขึ้นไป",1175.20,พันคน,สำนักงานสถิติแห่งชาติ
2564,"ไตรมาสที่ 2/2564","4) ภาคตะวันออกเฉียงเหนือ","2) นอกเขตเทศบาล","1. 15-19 ปี",1007.80,พันคน,สำนักงานสถิติแห่งชาติ
2564,"ไตรมาสที่ 2/2564","4) ภาคตะวันออกเฉียงเหนือ","2) นอกเขตเทศบาล","2. 20-24 ปี",1014.40,พันคน,สำนักงานสถิติแห่งชาติ
2564,"ไตรมาสที่ 2/2564","4) ภาคตะวันออกเฉียงเหนือ","2) นอกเขตเทศบาล","3. 25-29 ปี",841.00,พันคน,สำนักงานสถิติแห่งชาติ
2564,"ไตรมาสที่ 2/2564","4) ภาคตะวันออกเฉียงเหนือ","2) นอกเขตเทศบาล","4. 30-34 ปี",559.70,พันคน,สำนักงานสถิติแห่งชาติ
2564,"ไตรมาสที่ 2/2564","4) ภาคตะวันออกเฉียงเหนือ","2) นอกเขตเทศบาล","5. 35-39 ปี",566.00,พันคน,สำนักงานสถิติแห่งชาติ
2564,"ไตรมาสที่ 2/2564","4) ภาคตะวันออกเฉียงเหนือ","2) นอกเขตเทศบาล","6. 40-49 ปี",1685.30,พันคน,สำนักงานสถิติแห่งชาติ
2564,"ไตรมาสที่ 2/2564","4) ภาคตะวันออกเฉียงเหนือ","2) นอกเขตเทศบาล","7. 50-59 ปี",2045.80,พันคน,สำนักงานสถิติแห่งชาติ
2564,"ไตรมาสที่ 2/2564","4) ภาคตะวันออกเฉียงเหนือ","2) นอกเขตเทศบาล","8. 60 ปีขึ้นไป",2883.50,พันคน,สำนักงานสถิติแห่งชาติ
2564,"ไตรมาสที่ 2/2564","5) ภาคใต้","1) เขตเทศบาล","1. 15-19 ปี",222.40,พันคน,สำนักงานสถิติแห่งชาติ
2564,"ไตรมาสที่ 2/2564","5) ภาคใต้","1) เขตเทศบาล","2. 20-24 ปี",242.80,พันคน,สำนักงานสถิติแห่งชาติ
2564,"ไตรมาสที่ 2/2564","5) ภาคใต้","1) เขตเทศบาล","3. 25-29 ปี",241.80,พันคน,สำนักงานสถิติแห่งชาติ
2564,"ไตรมาสที่ 2/2564","5) ภาคใต้","1) เขตเทศบาล","4. 30-34 ปี",229.30,พันคน,สำนักงานสถิติแห่งชาติ
2564,"ไตรมาสที่ 2/2564","5) ภาคใต้","1) เขตเทศบาล","5. 35-39 ปี",223.00,พันคน,สำนักงานสถิติแห่งชาติ
2564,"ไตรมาสที่ 2/2564","5) ภาคใต้","1) เขตเทศบาล","6. 40-49 ปี",460.40,พันคน,สำนักงานสถิติแห่งชาติ
2564,"ไตรมาสที่ 2/2564","5) ภาคใต้","1) เขตเทศบาล","7. 50-59 ปี",422.90,พันคน,สำนักงานสถิติแห่งชาติ
2564,"ไตรมาสที่ 2/2564","5) ภาคใต้","1) เขตเทศบาล","8. 60 ปีขึ้นไป",503.70,พันคน,สำนักงานสถิติแห่งชาติ
2564,"ไตรมาสที่ 2/2564","5) ภาคใต้","2) นอกเขตเทศบาล","1. 15-19 ปี",447.10,พันคน,สำนักงานสถิติแห่งชาติ
2564,"ไตรมาสที่ 2/2564","5) ภาคใต้","2) นอกเขตเทศบาล","2. 20-24 ปี",456.30,พันคน,สำนักงานสถิติแห่งชาติ
2564,"ไตรมาสที่ 2/2564","5) ภาคใต้","2) นอกเขตเทศบาล","3. 25-29 ปี",451.90,พันคน,สำนักงานสถิติแห่งชาติ
2564,"ไตรมาสที่ 2/2564","5) ภาคใต้","2) นอกเขตเทศบาล","4. 30-34 ปี",425.80,พันคน,สำนักงานสถิติแห่งชาติ
2564,"ไตรมาสที่ 2/2564","5) ภาคใต้","2) นอกเขตเทศบาล","5. 35-39 ปี",424.70,พันคน,สำนักงานสถิติแห่งชาติ
2564,"ไตรมาสที่ 2/2564","5) ภาคใต้","2) นอกเขตเทศบาล","6. 40-49 ปี",903.20,พันคน,สำนักงานสถิติแห่งชาติ
2564,"ไตรมาสที่ 2/2564","5) ภาคใต้","2) นอกเขตเทศบาล","7. 50-59 ปี",844.50,พันคน,สำนักงานสถิติแห่งชาติ
2564,"ไตรมาสที่ 2/2564","5) ภาคใต้","2) นอกเขตเทศบาล","8. 60 ปีขึ้นไป",1032.90,พันคน,สำนักงานสถิติแห่งชาติ
2564,"ไตรมาสที่ 3/2564","1) กรุงเทพมหานคร","1) เขตเทศบาล","1. 15-19 ปี",348.70,พันคน,สำนักงานสถิติแห่งชาติ
2564,"ไตรมาสที่ 3/2564","1) กรุงเทพมหานคร","1) เขตเทศบาล","2. 20-24 ปี",521.60,พันคน,สำนักงานสถิติแห่งชาติ
2564,"ไตรมาสที่ 3/2564","1) กรุงเทพมหานคร","1) เขตเทศบาล","3. 25-29 ปี",697.90,พันคน,สำนักงานสถิติแห่งชาติ
2564,"ไตรมาสที่ 3/2564","1) กรุงเทพมหานคร","1) เขตเทศบาล","4. 30-34 ปี",901.00,พันคน,สำนักงานสถิติแห่งชาติ
2564,"ไตรมาสที่ 3/2564","1) กรุงเทพมหานคร","1) เขตเทศบาล","5. 35-39 ปี",886.20,พันคน,สำนักงานสถิติแห่งชาติ
2564,"ไตรมาสที่ 3/2564","1) กรุงเทพมหานคร","1) เขตเทศบาล","6. 40-49 ปี",1684.10,พันคน,สำนักงานสถิติแห่งชาติ
2564,"ไตรมาสที่ 3/2564","1) กรุงเทพมหานคร","1) เขตเทศบาล","7. 50-59 ปี",1298.90,พันคน,สำนักงานสถิติแห่งชาติ
2564,"ไตรมาสที่ 3/2564","1) กรุงเทพมหานคร","1) เขตเทศบาล","8. 60 ปีขึ้นไป",1327.30,พันคน,สำนักงานสถิติแห่งชาติ
2564,"ไตรมาสที่ 3/2564","2) ภาคกลาง","1) เขตเทศบาล","1. 15-19 ปี",499.30,พันคน,สำนักงานสถิติแห่งชาติ
2564,"ไตรมาสที่ 3/2564","2) ภาคกลาง","1) เขตเทศบาล","2. 20-24 ปี",648.00,พันคน,สำนักงานสถิติแห่งชาติ
2564,"ไตรมาสที่ 3/2564","2) ภาคกลาง","1) เขตเทศบาล","3. 25-29 ปี",783.20,พันคน,สำนักงานสถิติแห่งชาติ
2564,"ไตรมาสที่ 3/2564","2) ภาคกลาง","1) เขตเทศบาล","4. 30-34 ปี",815.20,พันคน,สำนักงานสถิติแห่งชาติ
2564,"ไตรมาสที่ 3/2564","2) ภาคกลาง","1) เขตเทศบาล","5. 35-39 ปี",828.60,พันคน,สำนักงานสถิติแห่งชาติ
2564,"ไตรมาสที่ 3/2564","2) ภาคกลาง","1) เขตเทศบาล","6. 40-49 ปี",1620.90,พันคน,สำนักงานสถิติแห่งชาติ
2564,"ไตรมาสที่ 3/2564","2) ภาคกลาง","1) เขตเทศบาล","7. 50-59 ปี",1375.20,พันคน,สำนักงานสถิติแห่งชาติ
2564,"ไตรมาสที่ 3/2564","2) ภาคกลาง","1) เขตเทศบาล","8. 60 ปีขึ้นไป",1524.40,พันคน,สำนักงานสถิติแห่งชาติ
2564,"ไตรมาสที่ 3/2564","2) ภาคกลาง","2) นอกเขตเทศบาล","1. 15-19 ปี",620.10,พันคน,สำนักงานสถิติแห่งชาติ
2564,"ไตรมาสที่ 3/2564","2) ภาคกลาง","2) นอกเขตเทศบาล","2. 20-24 ปี",738.00,พันคน,สำนักงานสถิติแห่งชาติ
2564,"ไตรมาสที่ 3/2564","2) ภาคกลาง","2) นอกเขตเทศบาล","3. 25-29 ปี",829.70,พันคน,สำนักงานสถิติแห่งชาติ
2564,"ไตรมาสที่ 3/2564","2) ภาคกลาง","2) นอกเขตเทศบาล","4. 30-34 ปี",852.60,พันคน,สำนักงานสถิติแห่งชาติ
2564,"ไตรมาสที่ 3/2564","2) ภาคกลาง","2) นอกเขตเทศบาล","5. 35-39 ปี",880.50,พันคน,สำนักงานสถิติแห่งชาติ
2564,"ไตรมาสที่ 3/2564","2) ภาคกลาง","2) นอกเขตเทศบาล","6. 40-49 ปี",1815.40,พันคน,สำนักงานสถิติแห่งชาติ
2564,"ไตรมาสที่ 3/2564","2) ภาคกลาง","2) นอกเขตเทศบาล","7. 50-59 ปี",1652.60,พันคน,สำนักงานสถิติแห่งชาติ
2564,"ไตรมาสที่ 3/2564","2) ภาคกลาง","2) นอกเขตเทศบาล","8. 60 ปีขึ้นไป",1954.40,พันคน,สำนักงานสถิติแห่งชาติ
2564,"ไตรมาสที่ 3/2564","3) ภาคเหนือ","1) เขตเทศบาล","1. 15-19 ปี",258.50,พันคน,สำนักงานสถิติแห่งชาติ
2564,"ไตรมาสที่ 3/2564","3) ภาคเหนือ","1) เขตเทศบาล","2. 20-24 ปี",281.90,พันคน,สำนักงานสถิติแห่งชาติ
2564,"ไตรมาสที่ 3/2564","3) ภาคเหนือ","1) เขตเทศบาล","3. 25-29 ปี",273.50,พันคน,สำนักงานสถิติแห่งชาติ
2564,"ไตรมาสที่ 3/2564","3) ภาคเหนือ","1) เขตเทศบาล","4. 30-34 ปี",214.40,พันคน,สำนักงานสถิติแห่งชาติ
2564,"ไตรมาสที่ 3/2564","3) ภาคเหนือ","1) เขตเทศบาล","5. 35-39 ปี",201.30,พันคน,สำนักงานสถิติแห่งชาติ
2564,"ไตรมาสที่ 3/2564","3) ภาคเหนือ","1) เขตเทศบาล","6. 40-49 ปี",492.40,พันคน,สำนักงานสถิติแห่งชาติ
2564,"ไตรมาสที่ 3/2564","3) ภาคเหนือ","1) เขตเทศบาล","7. 50-59 ปี",641.90,พันคน,สำนักงานสถิติแห่งชาติ
2564,"ไตรมาสที่ 3/2564","3) ภาคเหนือ","1) เขตเทศบาล","8. 60 ปีขึ้นไป",960.50,พันคน,สำนักงานสถิติแห่งชาติ
2564,"ไตรมาสที่ 3/2564","3) ภาคเหนือ","2) นอกเขตเทศบาล","1. 15-19 ปี",481.00,พันคน,สำนักงานสถิติแห่งชาติ
2564,"ไตรมาสที่ 3/2564","3) ภาคเหนือ","2) นอกเขตเทศบาล","2. 20-24 ปี",493.90,พันคน,สำนักงานสถิติแห่งชาติ
2564,"ไตรมาสที่ 3/2564","3) ภาคเหนือ","2) นอกเขตเทศบาล","3. 25-29 ปี",483.80,พันคน,สำนักงานสถิติแห่งชาติ
2564,"ไตรมาสที่ 3/2564","3) ภาคเหนือ","2) นอกเขตเทศบาล","4. 30-34 ปี",394.70,พันคน,สำนักงานสถิติแห่งชาติ
2564,"ไตรมาสที่ 3/2564","3) ภาคเหนือ","2) นอกเขตเทศบาล","5. 35-39 ปี",383.90,พันคน,สำนักงานสถิติแห่งชาติ
2564,"ไตรมาสที่ 3/2564","3) ภาคเหนือ","2) นอกเขตเทศบาล","6. 40-49 ปี",917.70,พันคน,สำนักงานสถิติแห่งชาติ
2564,"ไตรมาสที่ 3/2564","3) ภาคเหนือ","2) นอกเขตเทศบาล","7. 50-59 ปี",1166.10,พันคน,สำนักงานสถิติแห่งชาติ
2564,"ไตรมาสที่ 3/2564","3) ภาคเหนือ","2) นอกเขตเทศบาล","8. 60 ปีขึ้นไป",1827.90,พันคน,สำนักงานสถิติแห่งชาติ
2564,"ไตรมาสที่ 3/2564","4) ภาคตะวันออกเฉียงเหนือ","1) เขตเทศบาล","1. 15-19 ปี",415.40,พันคน,สำนักงานสถิติแห่งชาติ
2564,"ไตรมาสที่ 3/2564","4) ภาคตะวันออกเฉียงเหนือ","1) เขตเทศบาล","2. 20-24 ปี",425.70,พันคน,สำนักงานสถิติแห่งชาติ
2564,"ไตรมาสที่ 3/2564","4) ภาคตะวันออกเฉียงเหนือ","1) เขตเทศบาล","3. 25-29 ปี",358.10,พันคน,สำนักงานสถิติแห่งชาติ
2564,"ไตรมาสที่ 3/2564","4) ภาคตะวันออกเฉียงเหนือ","1) เขตเทศบาล","4. 30-34 ปี",235.50,พันคน,สำนักงานสถิติแห่งชาติ
2564,"ไตรมาสที่ 3/2564","4) ภาคตะวันออกเฉียงเหนือ","1) เขตเทศบาล","5. 35-39 ปี",234.20,พันคน,สำนักงานสถิติแห่งชาติ
2564,"ไตรมาสที่ 3/2564","4) ภาคตะวันออกเฉียงเหนือ","1) เขตเทศบาล","6. 40-49 ปี",696.20,พันคน,สำนักงานสถิติแห่งชาติ
2564,"ไตรมาสที่ 3/2564","4) ภาคตะวันออกเฉียงเหนือ","1) เขตเทศบาล","7. 50-59 ปี",851.30,พันคน,สำนักงานสถิติแห่งชาติ
2564,"ไตรมาสที่ 3/2564","4) ภาคตะวันออกเฉียงเหนือ","1) เขตเทศบาล","8. 60 ปีขึ้นไป",1184.70,พันคน,สำนักงานสถิติแห่งชาติ
2564,"ไตรมาสที่ 3/2564","4) ภาคตะวันออกเฉียงเหนือ","2) นอกเขตเทศบาล","1. 15-19 ปี",1001.90,พันคน,สำนักงานสถิติแห่งชาติ
2564,"ไตรมาสที่ 3/2564","4) ภาคตะวันออกเฉียงเหนือ","2) นอกเขตเทศบาล","2. 20-24 ปี",1011.60,พันคน,สำนักงานสถิติแห่งชาติ
2564,"ไตรมาสที่ 3/2564","4) ภาคตะวันออกเฉียงเหนือ","2) นอกเขตเทศบาล","3. 25-29 ปี",851.20,พันคน,สำนักงานสถิติแห่งชาติ
2564,"ไตรมาสที่ 3/2564","4) ภาคตะวันออกเฉียงเหนือ","2) นอกเขตเทศบาล","4. 30-34 ปี",562.80,พันคน,สำนักงานสถิติแห่งชาติ
2564,"ไตรมาสที่ 3/2564","4) ภาคตะวันออกเฉียงเหนือ","2) นอกเขตเทศบาล","5. 35-39 ปี",559.70,พันคน,สำนักงานสถิติแห่งชาติ
2564,"ไตรมาสที่ 3/2564","4) ภาคตะวันออกเฉียงเหนือ","2) นอกเขตเทศบาล","6. 40-49 ปี",1662.40,พันคน,สำนักงานสถิติแห่งชาติ
2564,"ไตรมาสที่ 3/2564","4) ภาคตะวันออกเฉียงเหนือ","2) นอกเขตเทศบาล","7. 50-59 ปี",2046.30,พันคน,สำนักงานสถิติแห่งชาติ
2564,"ไตรมาสที่ 3/2564","4) ภาคตะวันออกเฉียงเหนือ","2) นอกเขตเทศบาล","8. 60 ปีขึ้นไป",2905.70,พันคน,สำนักงานสถิติแห่งชาติ
2564,"ไตรมาสที่ 3/2564","5) ภาคใต้","1) เขตเทศบาล","1. 15-19 ปี",221.70,พันคน,สำนักงานสถิติแห่งชาติ
2564,"ไตรมาสที่ 3/2564","5) ภาคใต้","1) เขตเทศบาล","2. 20-24 ปี",242.90,พันคน,สำนักงานสถิติแห่งชาติ
2564,"ไตรมาสที่ 3/2564","5) ภาคใต้","1) เขตเทศบาล","3. 25-29 ปี",242.40,พันคน,สำนักงานสถิติแห่งชาติ
2564,"ไตรมาสที่ 3/2564","5) ภาคใต้","1) เขตเทศบาล","4. 30-34 ปี",228.90,พันคน,สำนักงานสถิติแห่งชาติ
2564,"ไตรมาสที่ 3/2564","5) ภาคใต้","1) เขตเทศบาล","5. 35-39 ปี",222.60,พันคน,สำนักงานสถิติแห่งชาติ
2564,"ไตรมาสที่ 3/2564","5) ภาคใต้","1) เขตเทศบาล","6. 40-49 ปี",459.40,พันคน,สำนักงานสถิติแห่งชาติ
2564,"ไตรมาสที่ 3/2564","5) ภาคใต้","1) เขตเทศบาล","7. 50-59 ปี",424.30,พันคน,สำนักงานสถิติแห่งชาติ
2564,"ไตรมาสที่ 3/2564","5) ภาคใต้","1) เขตเทศบาล","8. 60 ปีขึ้นไป",508.70,พันคน,สำนักงานสถิติแห่งชาติ
2564,"ไตรมาสที่ 3/2564","5) ภาคใต้","2) นอกเขตเทศบาล","1. 15-19 ปี",445.60,พันคน,สำนักงานสถิติแห่งชาติ
2564,"ไตรมาสที่ 3/2564","5) ภาคใต้","2) นอกเขตเทศบาล","2. 20-24 ปี",456.30,พันคน,สำนักงานสถิติแห่งชาติ
2564,"ไตรมาสที่ 3/2564","5) ภาคใต้","2) นอกเขตเทศบาล","3. 25-29 ปี",452.90,พันคน,สำนักงานสถิติแห่งชาติ
2564,"ไตรมาสที่ 3/2564","5) ภาคใต้","2) นอกเขตเทศบาล","4. 30-34 ปี",425.00,พันคน,สำนักงานสถิติแห่งชาติ
2564,"ไตรมาสที่ 3/2564","5) ภาคใต้","2) นอกเขตเทศบาล","5. 35-39 ปี",423.70,พันคน,สำนักงานสถิติแห่งชาติ
2564,"ไตรมาสที่ 3/2564","5) ภาคใต้","2) นอกเขตเทศบาล","6. 40-49 ปี",900.80,พันคน,สำนักงานสถิติแห่งชาติ
2564,"ไตรมาสที่ 3/2564","5) ภาคใต้","2) นอกเขตเทศบาล","7. 50-59 ปี",847.20,พันคน,สำนักงานสถิติแห่งชาติ
2564,"ไตรมาสที่ 3/2564","5) ภาคใต้","2) นอกเขตเทศบาล","8. 60 ปีขึ้นไป",1042.90,พันคน,สำนักงานสถิติแห่งชาติ
2564,"ไตรมาสที่ 4/2564","1) กรุงเทพมหานคร","1) เขตเทศบาล","1. 15-19 ปี",346.70,พันคน,สำนักงานสถิติแห่งชาติ
2564,"ไตรมาสที่ 4/2564","1) กรุงเทพมหานคร","1) เขตเทศบาล","2. 20-24 ปี",518.30,พันคน,สำนักงานสถิติแห่งชาติ
2564,"ไตรมาสที่ 4/2564","1) กรุงเทพมหานคร","1) เขตเทศบาล","3. 25-29 ปี",686.00,พันคน,สำนักงานสถิติแห่งชาติ
2564,"ไตรมาสที่ 4/2564","1) กรุงเทพมหานคร","1) เขตเทศบาล","4. 30-34 ปี",898.60,พันคน,สำนักงานสถิติแห่งชาติ
2564,"ไตรมาสที่ 4/2564","1) กรุงเทพมหานคร","1) เขตเทศบาล","5. 35-39 ปี",883.00,พันคน,สำนักงานสถิติแห่งชาติ
2564,"ไตรมาสที่ 4/2564","1) กรุงเทพมหานคร","1) เขตเทศบาล","6. 40-49 ปี",1688.20,พันคน,สำนักงานสถิติแห่งชาติ
2564,"ไตรมาสที่ 4/2564","1) กรุงเทพมหานคร","1) เขตเทศบาล","7. 50-59 ปี",1305.00,พันคน,สำนักงานสถิติแห่งชาติ
2564,"ไตรมาสที่ 4/2564","1) กรุงเทพมหานคร","1) เขตเทศบาล","8. 60 ปีขึ้นไป",1342.80,พันคน,สำนักงานสถิติแห่งชาติ
2564,"ไตรมาสที่ 4/2564","2) ภาคกลาง","1) เขตเทศบาล","1. 15-19 ปี",498.40,พันคน,สำนักงานสถิติแห่งชาติ
2564,"ไตรมาสที่ 4/2564","2) ภาคกลาง","1) เขตเทศบาล","2. 20-24 ปี",646.60,พันคน,สำนักงานสถิติแห่งชาติ
2564,"ไตรมาสที่ 4/2564","2) ภาคกลาง","1) เขตเทศบาล","3. 25-29 ปี",780.90,พันคน,สำนักงานสถิติแห่งชาติ
2564,"ไตรมาสที่ 4/2564","2) ภาคกลาง","1) เขตเทศบาล","4. 30-34 ปี",816.30,พันคน,สำนักงานสถิติแห่งชาติ
2564,"ไตรมาสที่ 4/2564","2) ภาคกลาง","1) เขตเทศบาล","5. 35-39 ปี",826.50,พันคน,สำนักงานสถิติแห่งชาติ
2564,"ไตรมาสที่ 4/2564","2) ภาคกลาง","1) เขตเทศบาล","6. 40-49 ปี",1625.30,พันคน,สำนักงานสถิติแห่งชาติ
2564,"ไตรมาสที่ 4/2564","2) ภาคกลาง","1) เขตเทศบาล","7. 50-59 ปี",1381.00,พันคน,สำนักงานสถิติแห่งชาติ
2564,"ไตรมาสที่ 4/2564","2) ภาคกลาง","1) เขตเทศบาล","8. 60 ปีขึ้นไป",1542.40,พันคน,สำนักงานสถิติแห่งชาติ
2564,"ไตรมาสที่ 4/2564","2) ภาคกลาง","2) นอกเขตเทศบาล","1. 15-19 ปี",618.90,พันคน,สำนักงานสถิติแห่งชาติ
2564,"ไตรมาสที่ 4/2564","2) ภาคกลาง","2) นอกเขตเทศบาล","2. 20-24 ปี",736.20,พันคน,สำนักงานสถิติแห่งชาติ
2564,"ไตรมาสที่ 4/2564","2) ภาคกลาง","2) นอกเขตเทศบาล","3. 25-29 ปี",828.20,พันคน,สำนักงานสถิติแห่งชาติ
2564,"ไตรมาสที่ 4/2564","2) ภาคกลาง","2) นอกเขตเทศบาล","4. 30-34 ปี",853.20,พันคน,สำนักงานสถิติแห่งชาติ
2564,"ไตรมาสที่ 4/2564","2) ภาคกลาง","2) นอกเขตเทศบาล","5. 35-39 ปี",878.10,พันคน,สำนักงานสถิติแห่งชาติ
2564,"ไตรมาสที่ 4/2564","2) ภาคกลาง","2) นอกเขตเทศบาล","6. 40-49 ปี",1818.30,พันคน,สำนักงานสถิติแห่งชาติ
2564,"ไตรมาสที่ 4/2564","2) ภาคกลาง","2) นอกเขตเทศบาล","7. 50-59 ปี",1657.80,พันคน,สำนักงานสถิติแห่งชาติ
2564,"ไตรมาสที่ 4/2564","2) ภาคกลาง","2) นอกเขตเทศบาล","8. 60 ปีขึ้นไป",1975.80,พันคน,สำนักงานสถิติแห่งชาติ
2564,"ไตรมาสที่ 4/2564","3) ภาคเหนือ","1) เขตเทศบาล","1. 15-19 ปี",257.40,พันคน,สำนักงานสถิติแห่งชาติ
2564,"ไตรมาสที่ 4/2564","3) ภาคเหนือ","1) เขตเทศบาล","2. 20-24 ปี",280.50,พันคน,สำนักงานสถิติแห่งชาติ
2564,"ไตรมาสที่ 4/2564","3) ภาคเหนือ","1) เขตเทศบาล","3. 25-29 ปี",274.40,พันคน,สำนักงานสถิติแห่งชาติ
2564,"ไตรมาสที่ 4/2564","3) ภาคเหนือ","1) เขตเทศบาล","4. 30-34 ปี",215.90,พันคน,สำนักงานสถิติแห่งชาติ
2564,"ไตรมาสที่ 4/2564","3) ภาคเหนือ","1) เขตเทศบาล","5. 35-39 ปี",200.50,พันคน,สำนักงานสถิติแห่งชาติ
2564,"ไตรมาสที่ 4/2564","3) ภาคเหนือ","1) เขตเทศบาล","6. 40-49 ปี",488.30,พันคน,สำนักงานสถิติแห่งชาติ
2564,"ไตรมาสที่ 4/2564","3) ภาคเหนือ","1) เขตเทศบาล","7. 50-59 ปี",637.70,พันคน,สำนักงานสถิติแห่งชาติ
2564,"ไตรมาสที่ 4/2564","3) ภาคเหนือ","1) เขตเทศบาล","8. 60 ปีขึ้นไป",968.20,พันคน,สำนักงานสถิติแห่งชาติ
2564,"ไตรมาสที่ 4/2564","3) ภาคเหนือ","2) นอกเขตเทศบาล","1. 15-19 ปี",478.90,พันคน,สำนักงานสถิติแห่งชาติ
2564,"ไตรมาสที่ 4/2564","3) ภาคเหนือ","2) นอกเขตเทศบาล","2. 20-24 ปี",491.40,พันคน,สำนักงานสถิติแห่งชาติ
2564,"ไตรมาสที่ 4/2564","3) ภาคเหนือ","2) นอกเขตเทศบาล","3. 25-29 ปี",485.20,พันคน,สำนักงานสถิติแห่งชาติ
2564,"ไตรมาสที่ 4/2564","3) ภาคเหนือ","2) นอกเขตเทศบาล","4. 30-34 ปี",397.30,พันคน,สำนักงานสถิติแห่งชาติ
2564,"ไตรมาสที่ 4/2564","3) ภาคเหนือ","2) นอกเขตเทศบาล","5. 35-39 ปี",382.20,พันคน,สำนักงานสถิติแห่งชาติ
2564,"ไตรมาสที่ 4/2564","3) ภาคเหนือ","2) นอกเขตเทศบาล","6. 40-49 ปี",910.00,พันคน,สำนักงานสถิติแห่งชาติ
2564,"ไตรมาสที่ 4/2564","3) ภาคเหนือ","2) นอกเขตเทศบาล","7. 50-59 ปี",1158.60,พันคน,สำนักงานสถิติแห่งชาติ
2564,"ไตรมาสที่ 4/2564","3) ภาคเหนือ","2) นอกเขตเทศบาล","8. 60 ปีขึ้นไป",1842.50,พันคน,สำนักงานสถิติแห่งชาติ
2564,"ไตรมาสที่ 4/2564","4) ภาคตะวันออกเฉียงเหนือ","1) เขตเทศบาล","1. 15-19 ปี",412.80,พันคน,สำนักงานสถิติแห่งชาติ
2564,"ไตรมาสที่ 4/2564","4) ภาคตะวันออกเฉียงเหนือ","1) เขตเทศบาล","2. 20-24 ปี",424.50,พันคน,สำนักงานสถิติแห่งชาติ
2564,"ไตรมาสที่ 4/2564","4) ภาคตะวันออกเฉียงเหนือ","1) เขตเทศบาล","3. 25-29 ปี",361.50,พันคน,สำนักงานสถิติแห่งชาติ
2564,"ไตรมาสที่ 4/2564","4) ภาคตะวันออกเฉียงเหนือ","1) เขตเทศบาล","4. 30-34 ปี",237.90,พันคน,สำนักงานสถิติแห่งชาติ
2564,"ไตรมาสที่ 4/2564","4) ภาคตะวันออกเฉียงเหนือ","1) เขตเทศบาล","5. 35-39 ปี",231.90,พันคน,สำนักงานสถิติแห่งชาติ
2564,"ไตรมาสที่ 4/2564","4) ภาคตะวันออกเฉียงเหนือ","1) เขตเทศบาล","6. 40-49 ปี",686.60,พันคน,สำนักงานสถิติแห่งชาติ
2564,"ไตรมาสที่ 4/2564","4) ภาคตะวันออกเฉียงเหนือ","1) เขตเทศบาล","7. 50-59 ปี",850.80,พันคน,สำนักงานสถิติแห่งชาติ
2564,"ไตรมาสที่ 4/2564","4) ภาคตะวันออกเฉียงเหนือ","1) เขตเทศบาล","8. 60 ปีขึ้นไป",1193.40,พันคน,สำนักงานสถิติแห่งชาติ
2564,"ไตรมาสที่ 4/2564","4) ภาคตะวันออกเฉียงเหนือ","2) นอกเขตเทศบาล","1. 15-19 ปี",995.50,พันคน,สำนักงานสถิติแห่งชาติ
2564,"ไตรมาสที่ 4/2564","4) ภาคตะวันออกเฉียงเหนือ","2) นอกเขตเทศบาล","2. 20-24 ปี",1008.60,พันคน,สำนักงานสถิติแห่งชาติ
2564,"ไตรมาสที่ 4/2564","4) ภาคตะวันออกเฉียงเหนือ","2) นอกเขตเทศบาล","3. 25-29 ปี",859.40,พันคน,สำนักงานสถิติแห่งชาติ
2564,"ไตรมาสที่ 4/2564","4) ภาคตะวันออกเฉียงเหนือ","2) นอกเขตเทศบาล","4. 30-34 ปี",568.60,พันคน,สำนักงานสถิติแห่งชาติ
2564,"ไตรมาสที่ 4/2564","4) ภาคตะวันออกเฉียงเหนือ","2) นอกเขตเทศบาล","5. 35-39 ปี",554.20,พันคน,สำนักงานสถิติแห่งชาติ
2564,"ไตรมาสที่ 4/2564","4) ภาคตะวันออกเฉียงเหนือ","2) นอกเขตเทศบาล","6. 40-49 ปี",1639.60,พันคน,สำนักงานสถิติแห่งชาติ
2564,"ไตรมาสที่ 4/2564","4) ภาคตะวันออกเฉียงเหนือ","2) นอกเขตเทศบาล","7. 50-59 ปี",2045.10,พันคน,สำนักงานสถิติแห่งชาติ
2564,"ไตรมาสที่ 4/2564","4) ภาคตะวันออกเฉียงเหนือ","2) นอกเขตเทศบาล","8. 60 ปีขึ้นไป",2927.10,พันคน,สำนักงานสถิติแห่งชาติ
2564,"ไตรมาสที่ 4/2564","5) ภาคใต้","1) เขตเทศบาล","1. 15-19 ปี",221.00,พันคน,สำนักงานสถิติแห่งชาติ
2564,"ไตรมาสที่ 4/2564","5) ภาคใต้","1) เขตเทศบาล","2. 20-24 ปี",242.90,พันคน,สำนักงานสถิติแห่งชาติ
2564,"ไตรมาสที่ 4/2564","5) ภาคใต้","1) เขตเทศบาล","3. 25-29 ปี",242.70,พันคน,สำนักงานสถิติแห่งชาติ
2564,"ไตรมาสที่ 4/2564","5) ภาคใต้","1) เขตเทศบาล","4. 30-34 ปี",228.60,พันคน,สำนักงานสถิติแห่งชาติ
2564,"ไตรมาสที่ 4/2564","5) ภาคใต้","1) เขตเทศบาล","5. 35-39 ปี",222.40,พันคน,สำนักงานสถิติแห่งชาติ
2564,"ไตรมาสที่ 4/2564","5) ภาคใต้","1) เขตเทศบาล","6. 40-49 ปี",457.70,พันคน,สำนักงานสถิติแห่งชาติ
2564,"ไตรมาสที่ 4/2564","5) ภาคใต้","1) เขตเทศบาล","7. 50-59 ปี",425.80,พันคน,สำนักงานสถิติแห่งชาติ
2564,"ไตรมาสที่ 4/2564","5) ภาคใต้","1) เขตเทศบาล","8. 60 ปีขึ้นไป",513.50,พันคน,สำนักงานสถิติแห่งชาติ
2564,"ไตรมาสที่ 4/2564","5) ภาคใต้","2) นอกเขตเทศบาล","1. 15-19 ปี",444.00,พันคน,สำนักงานสถิติแห่งชาติ
2564,"ไตรมาสที่ 4/2564","5) ภาคใต้","2) นอกเขตเทศบาล","2. 20-24 ปี",456.50,พันคน,สำนักงานสถิติแห่งชาติ
2564,"ไตรมาสที่ 4/2564","5) ภาคใต้","2) นอกเขตเทศบาล","3. 25-29 ปี",453.50,พันคน,สำนักงานสถิติแห่งชาติ
2564,"ไตรมาสที่ 4/2564","5) ภาคใต้","2) นอกเขตเทศบาล","4. 30-34 ปี",424.30,พันคน,สำนักงานสถิติแห่งชาติ
2564,"ไตรมาสที่ 4/2564","5) ภาคใต้","2) นอกเขตเทศบาล","5. 35-39 ปี",423.40,พันคน,สำนักงานสถิติแห่งชาติ
2564,"ไตรมาสที่ 4/2564","5) ภาคใต้","2) นอกเขตเทศบาล","6. 40-49 ปี",897.50,พันคน,สำนักงานสถิติแห่งชาติ
2564,"ไตรมาสที่ 4/2564","5) ภาคใต้","2) นอกเขตเทศบาล","7. 50-59 ปี",850.20,พันคน,สำนักงานสถิติแห่งชาติ
2564,"ไตรมาสที่ 4/2564","5) ภาคใต้","2) นอกเขตเทศบาล","8. 60 ปีขึ้นไป",1053.00,พันคน,สำนักงานสถิติแห่งชาติ
2565,"ไตรมาสที่ 1/2565","1) กรุงเทพมหานคร","1) เขตเทศบาล","1. 15-19 ปี",359.40,พันคน,สำนักงานสถิติแห่งชาติ
2565,"ไตรมาสที่ 1/2565","1) กรุงเทพมหานคร","1) เขตเทศบาล","2. 20-24 ปี",522.50,พันคน,สำนักงานสถิติแห่งชาติ
2565,"ไตรมาสที่ 1/2565","1) กรุงเทพมหานคร","1) เขตเทศบาล","3. 25-29 ปี",719.30,พันคน,สำนักงานสถิติแห่งชาติ
2565,"ไตรมาสที่ 1/2565","1) กรุงเทพมหานคร","1) เขตเทศบาล","4. 30-34 ปี",894.60,พันคน,สำนักงานสถิติแห่งชาติ
2565,"ไตรมาสที่ 1/2565","1) กรุงเทพมหานคร","1) เขตเทศบาล","5. 35-39 ปี",924.40,พันคน,สำนักงานสถิติแห่งชาติ
2565,"ไตรมาสที่ 1/2565","1) กรุงเทพมหานคร","1) เขตเทศบาล","6. 40-49 ปี",1755.30,พันคน,สำนักงานสถิติแห่งชาติ
2565,"ไตรมาสที่ 1/2565","1) กรุงเทพมหานคร","1) เขตเทศบาล","7. 50-59 ปี",1359.10,พันคน,สำนักงานสถิติแห่งชาติ
2565,"ไตรมาสที่ 1/2565","1) กรุงเทพมหานคร","1) เขตเทศบาล","8. 60 ปีขึ้นไป",1312.70,พันคน,สำนักงานสถิติแห่งชาติ
2565,"ไตรมาสที่ 1/2565","2) ภาคกลาง","1) เขตเทศบาล","1. 15-19 ปี",544.30,พันคน,สำนักงานสถิติแห่งชาติ
2565,"ไตรมาสที่ 1/2565","2) ภาคกลาง","1) เขตเทศบาล","2. 20-24 ปี",733.70,พันคน,สำนักงานสถิติแห่งชาติ
2565,"ไตรมาสที่ 1/2565","2) ภาคกลาง","1) เขตเทศบาล","3. 25-29 ปี",870.30,พันคน,สำนักงานสถิติแห่งชาติ
2565,"ไตรมาสที่ 1/2565","2) ภาคกลาง","1) เขตเทศบาล","4. 30-34 ปี",867.10,พันคน,สำนักงานสถิติแห่งชาติ
2565,"ไตรมาสที่ 1/2565","2) ภาคกลาง","1) เขตเทศบาล","5. 35-39 ปี",876.50,พันคน,สำนักงานสถิติแห่งชาติ
2565,"ไตรมาสที่ 1/2565","2) ภาคกลาง","1) เขตเทศบาล","6. 40-49 ปี",1721.20,พันคน,สำนักงานสถิติแห่งชาติ
2565,"ไตรมาสที่ 1/2565","2) ภาคกลาง","1) เขตเทศบาล","7. 50-59 ปี",1471.60,พันคน,สำนักงานสถิติแห่งชาติ
2565,"ไตรมาสที่ 1/2565","2) ภาคกลาง","1) เขตเทศบาล","8. 60 ปีขึ้นไป",1552.90,พันคน,สำนักงานสถิติแห่งชาติ
2565,"ไตรมาสที่ 1/2565","2) ภาคกลาง","2) นอกเขตเทศบาล","1. 15-19 ปี",645.10,พันคน,สำนักงานสถิติแห่งชาติ
2565,"ไตรมาสที่ 1/2565","2) ภาคกลาง","2) นอกเขตเทศบาล","2. 20-24 ปี",831.40,พันคน,สำนักงานสถิติแห่งชาติ
2565,"ไตรมาสที่ 1/2565","2) ภาคกลาง","2) นอกเขตเทศบาล","3. 25-29 ปี",956.00,พันคน,สำนักงานสถิติแห่งชาติ
2565,"ไตรมาสที่ 1/2565","2) ภาคกลาง","2) นอกเขตเทศบาล","4. 30-34 ปี",945.40,พันคน,สำนักงานสถิติแห่งชาติ
2565,"ไตรมาสที่ 1/2565","2) ภาคกลาง","2) นอกเขตเทศบาล","5. 35-39 ปี",953.40,พันคน,สำนักงานสถิติแห่งชาติ
2565,"ไตรมาสที่ 1/2565","2) ภาคกลาง","2) นอกเขตเทศบาล","6. 40-49 ปี",1904.50,พันคน,สำนักงานสถิติแห่งชาติ
2565,"ไตรมาสที่ 1/2565","2) ภาคกลาง","2) นอกเขตเทศบาล","7. 50-59 ปี",1686.20,พันคน,สำนักงานสถิติแห่งชาติ
2565,"ไตรมาสที่ 1/2565","2) ภาคกลาง","2) นอกเขตเทศบาล","8. 60 ปีขึ้นไป",1855.40,พันคน,สำนักงานสถิติแห่งชาติ
2565,"ไตรมาสที่ 1/2565","3) ภาคเหนือ","1) เขตเทศบาล","1. 15-19 ปี",257.30,พันคน,สำนักงานสถิติแห่งชาติ
2565,"ไตรมาสที่ 1/2565","3) ภาคเหนือ","1) เขตเทศบาล","2. 20-24 ปี",277.30,พันคน,สำนักงานสถิติแห่งชาติ
2565,"ไตรมาสที่ 1/2565","3) ภาคเหนือ","1) เขตเทศบาล","3. 25-29 ปี",272.40,พันคน,สำนักงานสถิติแห่งชาติ
2565,"ไตรมาสที่ 1/2565","3) ภาคเหนือ","1) เขตเทศบาล","4. 30-34 ปี",227.10,พันคน,สำนักงานสถิติแห่งชาติ
2565,"ไตรมาสที่ 1/2565","3) ภาคเหนือ","1) เขตเทศบาล","5. 35-39 ปี",208.40,พันคน,สำนักงานสถิติแห่งชาติ
2565,"ไตรมาสที่ 1/2565","3) ภาคเหนือ","1) เขตเทศบาล","6. 40-49 ปี",498.70,พันคน,สำนักงานสถิติแห่งชาติ
2565,"ไตรมาสที่ 1/2565","3) ภาคเหนือ","1) เขตเทศบาล","7. 50-59 ปี",637.80,พันคน,สำนักงานสถิติแห่งชาติ
2565,"ไตรมาสที่ 1/2565","3) ภาคเหนือ","1) เขตเทศบาล","8. 60 ปีขึ้นไป",942.50,พันคน,สำนักงานสถิติแห่งชาติ
2565,"ไตรมาสที่ 1/2565","3) ภาคเหนือ","2) นอกเขตเทศบาล","1. 15-19 ปี",480.80,พันคน,สำนักงานสถิติแห่งชาติ
2565,"ไตรมาสที่ 1/2565","3) ภาคเหนือ","2) นอกเขตเทศบาล","2. 20-24 ปี",515.00,พันคน,สำนักงานสถิติแห่งชาติ
2565,"ไตรมาสที่ 1/2565","3) ภาคเหนือ","2) นอกเขตเทศบาล","3. 25-29 ปี",502.90,พันคน,สำนักงานสถิติแห่งชาติ
2565,"ไตรมาสที่ 1/2565","3) ภาคเหนือ","2) นอกเขตเทศบาล","4. 30-34 ปี",418.40,พันคน,สำนักงานสถิติแห่งชาติ
2565,"ไตรมาสที่ 1/2565","3) ภาคเหนือ","2) นอกเขตเทศบาล","5. 35-39 ปี",386.60,พันคน,สำนักงานสถิติแห่งชาติ
2565,"ไตรมาสที่ 1/2565","3) ภาคเหนือ","2) นอกเขตเทศบาล","6. 40-49 ปี",932.30,พันคน,สำนักงานสถิติแห่งชาติ
2565,"ไตรมาสที่ 1/2565","3) ภาคเหนือ","2) นอกเขตเทศบาล","7. 50-59 ปี",1198.20,พันคน,สำนักงานสถิติแห่งชาติ
2565,"ไตรมาสที่ 1/2565","3) ภาคเหนือ","2) นอกเขตเทศบาล","8. 60 ปีขึ้นไป",1768.40,พันคน,สำนักงานสถิติแห่งชาติ
2565,"ไตรมาสที่ 1/2565","4) ภาคตะวันออกเฉียงเหนือ","1) เขตเทศบาล","1. 15-19 ปี",420.00,พันคน,สำนักงานสถิติแห่งชาติ
2565,"ไตรมาสที่ 1/2565","4) ภาคตะวันออกเฉียงเหนือ","1) เขตเทศบาล","2. 20-24 ปี",430.00,พันคน,สำนักงานสถิติแห่งชาติ
2565,"ไตรมาสที่ 1/2565","4) ภาคตะวันออกเฉียงเหนือ","1) เขตเทศบาล","3. 25-29 ปี",362.80,พันคน,สำนักงานสถิติแห่งชาติ
2565,"ไตรมาสที่ 1/2565","4) ภาคตะวันออกเฉียงเหนือ","1) เขตเทศบาล","4. 30-34 ปี",253.80,พันคน,สำนักงานสถิติแห่งชาติ
2565,"ไตรมาสที่ 1/2565","4) ภาคตะวันออกเฉียงเหนือ","1) เขตเทศบาล","5. 35-39 ปี",231.50,พันคน,สำนักงานสถิติแห่งชาติ
2565,"ไตรมาสที่ 1/2565","4) ภาคตะวันออกเฉียงเหนือ","1) เขตเทศบาล","6. 40-49 ปี",696.50,พันคน,สำนักงานสถิติแห่งชาติ
2565,"ไตรมาสที่ 1/2565","4) ภาคตะวันออกเฉียงเหนือ","1) เขตเทศบาล","7. 50-59 ปี",876.90,พันคน,สำนักงานสถิติแห่งชาติ
2565,"ไตรมาสที่ 1/2565","4) ภาคตะวันออกเฉียงเหนือ","1) เขตเทศบาล","8. 60 ปีขึ้นไป",1167.60,พันคน,สำนักงานสถิติแห่งชาติ
2565,"ไตรมาสที่ 1/2565","4) ภาคตะวันออกเฉียงเหนือ","2) นอกเขตเทศบาล","1. 15-19 ปี",1000.00,พันคน,สำนักงานสถิติแห่งชาติ
2565,"ไตรมาสที่ 1/2565","4) ภาคตะวันออกเฉียงเหนือ","2) นอกเขตเทศบาล","2. 20-24 ปี",1024.10,พันคน,สำนักงานสถิติแห่งชาติ
2565,"ไตรมาสที่ 1/2565","4) ภาคตะวันออกเฉียงเหนือ","2) นอกเขตเทศบาล","3. 25-29 ปี",863.90,พันคน,สำนักงานสถิติแห่งชาติ
2565,"ไตรมาสที่ 1/2565","4) ภาคตะวันออกเฉียงเหนือ","2) นอกเขตเทศบาล","4. 30-34 ปี",604.50,พันคน,สำนักงานสถิติแห่งชาติ
2565,"ไตรมาสที่ 1/2565","4) ภาคตะวันออกเฉียงเหนือ","2) นอกเขตเทศบาล","5. 35-39 ปี",551.20,พันคน,สำนักงานสถิติแห่งชาติ
2565,"ไตรมาสที่ 1/2565","4) ภาคตะวันออกเฉียงเหนือ","2) นอกเขตเทศบาล","6. 40-49 ปี",1657.20,พันคน,สำนักงานสถิติแห่งชาติ
2565,"ไตรมาสที่ 1/2565","4) ภาคตะวันออกเฉียงเหนือ","2) นอกเขตเทศบาล","7. 50-59 ปี",2086.20,พันคน,สำนักงานสถิติแห่งชาติ
2565,"ไตรมาสที่ 1/2565","4) ภาคตะวันออกเฉียงเหนือ","2) นอกเขตเทศบาล","8. 60 ปีขึ้นไป",2773.70,พันคน,สำนักงานสถิติแห่งชาติ
2565,"ไตรมาสที่ 1/2565","5) ภาคใต้","1) เขตเทศบาล","1. 15-19 ปี",232.60,พันคน,สำนักงานสถิติแห่งชาติ
2565,"ไตรมาสที่ 1/2565","5) ภาคใต้","1) เขตเทศบาล","2. 20-24 ปี",250.20,พันคน,สำนักงานสถิติแห่งชาติ
2565,"ไตรมาสที่ 1/2565","5) ภาคใต้","1) เขตเทศบาล","3. 25-29 ปี",252.40,พันคน,สำนักงานสถิติแห่งชาติ
2565,"ไตรมาสที่ 1/2565","5) ภาคใต้","1) เขตเทศบาล","4. 30-34 ปี",237.20,พันคน,สำนักงานสถิติแห่งชาติ
2565,"ไตรมาสที่ 1/2565","5) ภาคใต้","1) เขตเทศบาล","5. 35-39 ปี",228.20,พันคน,สำนักงานสถิติแห่งชาติ
2565,"ไตรมาสที่ 1/2565","5) ภาคใต้","1) เขตเทศบาล","6. 40-49 ปี",473.90,พันคน,สำนักงานสถิติแห่งชาติ
2565,"ไตรมาสที่ 1/2565","5) ภาคใต้","1) เขตเทศบาล","7. 50-59 ปี",444.50,พันคน,สำนักงานสถิติแห่งชาติ
2565,"ไตรมาสที่ 1/2565","5) ภาคใต้","1) เขตเทศบาล","8. 60 ปีขึ้นไป",512.20,พันคน,สำนักงานสถิติแห่งชาติ
2565,"ไตรมาสที่ 1/2565","5) ภาคใต้","2) นอกเขตเทศบาล","1. 15-19 ปี",451.00,พันคน,สำนักงานสถิติแห่งชาติ
2565,"ไตรมาสที่ 1/2565","5) ภาคใต้","2) นอกเขตเทศบาล","2. 20-24 ปี",475.70,พันคน,สำนักงานสถิติแห่งชาติ
2565,"ไตรมาสที่ 1/2565","5) ภาคใต้","2) นอกเขตเทศบาล","3. 25-29 ปี",476.60,พันคน,สำนักงานสถิติแห่งชาติ
2565,"ไตรมาสที่ 1/2565","5) ภาคใต้","2) นอกเขตเทศบาล","4. 30-34 ปี",453.00,พันคน,สำนักงานสถิติแห่งชาติ
2565,"ไตรมาสที่ 1/2565","5) ภาคใต้","2) นอกเขตเทศบาล","5. 35-39 ปี",441.70,พันคน,สำนักงานสถิติแห่งชาติ
2565,"ไตรมาสที่ 1/2565","5) ภาคใต้","2) นอกเขตเทศบาล","6. 40-49 ปี",923.90,พันคน,สำนักงานสถิติแห่งชาติ
2565,"ไตรมาสที่ 1/2565","5) ภาคใต้","2) นอกเขตเทศบาล","7. 50-59 ปี",872.30,พันคน,สำนักงานสถิติแห่งชาติ
2565,"ไตรมาสที่ 1/2565","5) ภาคใต้","2) นอกเขตเทศบาล","8. 60 ปีขึ้นไป",1002.10,พันคน,สำนักงานสถิติแห่งชาติ
2565,"ไตรมาสที่ 2/2565","1) กรุงเทพมหานคร","1) เขตเทศบาล","1. 15-19 ปี",357.30,พันคน,สำนักงานสถิติแห่งชาติ
2565,"ไตรมาสที่ 2/2565","1) กรุงเทพมหานคร","1) เขตเทศบาล","2. 20-24 ปี",518.60,พันคน,สำนักงานสถิติแห่งชาติ
2565,"ไตรมาสที่ 2/2565","1) กรุงเทพมหานคร","1) เขตเทศบาล","3. 25-29 ปี",710.40,พันคน,สำนักงานสถิติแห่งชาติ
2565,"ไตรมาสที่ 2/2565","1) กรุงเทพมหานคร","1) เขตเทศบาล","4. 30-34 ปี",888.30,พันคน,สำนักงานสถิติแห่งชาติ
2565,"ไตรมาสที่ 2/2565","1) กรุงเทพมหานคร","1) เขตเทศบาล","5. 35-39 ปี",924.00,พันคน,สำนักงานสถิติแห่งชาติ
2565,"ไตรมาสที่ 2/2565","1) กรุงเทพมหานคร","1) เขตเทศบาล","6. 40-49 ปี",1760.40,พันคน,สำนักงานสถิติแห่งชาติ
2565,"ไตรมาสที่ 2/2565","1) กรุงเทพมหานคร","1) เขตเทศบาล","7. 50-59 ปี",1366.40,พันคน,สำนักงานสถิติแห่งชาติ
2565,"ไตรมาสที่ 2/2565","1) กรุงเทพมหานคร","1) เขตเทศบาล","8. 60 ปีขึ้นไป",1328.10,พันคน,สำนักงานสถิติแห่งชาติ
2565,"ไตรมาสที่ 2/2565","2) ภาคกลาง","1) เขตเทศบาล","1. 15-19 ปี",543.30,พันคน,สำนักงานสถิติแห่งชาติ
2565,"ไตรมาสที่ 2/2565","2) ภาคกลาง","1) เขตเทศบาล","2. 20-24 ปี",732.90,พันคน,สำนักงานสถิติแห่งชาติ
2565,"ไตรมาสที่ 2/2565","2) ภาคกลาง","1) เขตเทศบาล","3. 25-29 ปี",869.90,พันคน,สำนักงานสถิติแห่งชาติ
2565,"ไตรมาสที่ 2/2565","2) ภาคกลาง","1) เขตเทศบาล","4. 30-34 ปี",867.80,พันคน,สำนักงานสถิติแห่งชาติ
2565,"ไตรมาสที่ 2/2565","2) ภาคกลาง","1) เขตเทศบาล","5. 35-39 ปี",875.70,พันคน,สำนักงานสถิติแห่งชาติ
2565,"ไตรมาสที่ 2/2565","2) ภาคกลาง","1) เขตเทศบาล","6. 40-49 ปี",1726.60,พันคน,สำนักงานสถิติแห่งชาติ
2565,"ไตรมาสที่ 2/2565","2) ภาคกลาง","1) เขตเทศบาล","7. 50-59 ปี",1479.60,พันคน,สำนักงานสถิติแห่งชาติ
2565,"ไตรมาสที่ 2/2565","2) ภาคกลาง","1) เขตเทศบาล","8. 60 ปีขึ้นไป",1571.40,พันคน,สำนักงานสถิติแห่งชาติ
2565,"ไตรมาสที่ 2/2565","2) ภาคกลาง","2) นอกเขตเทศบาล","1. 15-19 ปี",643.60,พันคน,สำนักงานสถิติแห่งชาติ
2565,"ไตรมาสที่ 2/2565","2) ภาคกลาง","2) นอกเขตเทศบาล","2. 20-24 ปี",830.30,พันคน,สำนักงานสถิติแห่งชาติ
2565,"ไตรมาสที่ 2/2565","2) ภาคกลาง","2) นอกเขตเทศบาล","3. 25-29 ปี",955.80,พันคน,สำนักงานสถิติแห่งชาติ
2565,"ไตรมาสที่ 2/2565","2) ภาคกลาง","2) นอกเขตเทศบาล","4. 30-34 ปี",946.00,พันคน,สำนักงานสถิติแห่งชาติ
2565,"ไตรมาสที่ 2/2565","2) ภาคกลาง","2) นอกเขตเทศบาล","5. 35-39 ปี",951.90,พันคน,สำนักงานสถิติแห่งชาติ
2565,"ไตรมาสที่ 2/2565","2) ภาคกลาง","2) นอกเขตเทศบาล","6. 40-49 ปี",1908.10,พันคน,สำนักงานสถิติแห่งชาติ
2565,"ไตรมาสที่ 2/2565","2) ภาคกลาง","2) นอกเขตเทศบาล","7. 50-59 ปี",1693.00,พันคน,สำนักงานสถิติแห่งชาติ
2565,"ไตรมาสที่ 2/2565","2) ภาคกลาง","2) นอกเขตเทศบาล","8. 60 ปีขึ้นไป",1875.80,พันคน,สำนักงานสถิติแห่งชาติ
2565,"ไตรมาสที่ 2/2565","3) ภาคเหนือ","1) เขตเทศบาล","1. 15-19 ปี",255.90,พันคน,สำนักงานสถิติแห่งชาติ
2565,"ไตรมาสที่ 2/2565","3) ภาคเหนือ","1) เขตเทศบาล","2. 20-24 ปี",276.50,พันคน,สำนักงานสถิติแห่งชาติ
2565,"ไตรมาสที่ 2/2565","3) ภาคเหนือ","1) เขตเทศบาล","3. 25-29 ปี",272.80,พันคน,สำนักงานสถิติแห่งชาติ
2565,"ไตรมาสที่ 2/2565","3) ภาคเหนือ","1) เขตเทศบาล","4. 30-34 ปี",228.90,พันคน,สำนักงานสถิติแห่งชาติ
2565,"ไตรมาสที่ 2/2565","3) ภาคเหนือ","1) เขตเทศบาล","5. 35-39 ปี",207.30,พันคน,สำนักงานสถิติแห่งชาติ
2565,"ไตรมาสที่ 2/2565","3) ภาคเหนือ","1) เขตเทศบาล","6. 40-49 ปี",494.70,พันคน,สำนักงานสถิติแห่งชาติ
2565,"ไตรมาสที่ 2/2565","3) ภาคเหนือ","1) เขตเทศบาล","7. 50-59 ปี",633.70,พันคน,สำนักงานสถิติแห่งชาติ
2565,"ไตรมาสที่ 2/2565","3) ภาคเหนือ","1) เขตเทศบาล","8. 60 ปีขึ้นไป",950.60,พันคน,สำนักงานสถิติแห่งชาติ
2565,"ไตรมาสที่ 2/2565","3) ภาคเหนือ","2) นอกเขตเทศบาล","1. 15-19 ปี",478.20,พันคน,สำนักงานสถิติแห่งชาติ
2565,"ไตรมาสที่ 2/2565","3) ภาคเหนือ","2) นอกเขตเทศบาล","2. 20-24 ปี",513.50,พันคน,สำนักงานสถิติแห่งชาติ
2565,"ไตรมาสที่ 2/2565","3) ภาคเหนือ","2) นอกเขตเทศบาล","3. 25-29 ปี",503.60,พันคน,สำนักงานสถิติแห่งชาติ
2565,"ไตรมาสที่ 2/2565","3) ภาคเหนือ","2) นอกเขตเทศบาล","4. 30-34 ปี",421.90,พันคน,สำนักงานสถิติแห่งชาติ
2565,"ไตรมาสที่ 2/2565","3) ภาคเหนือ","2) นอกเขตเทศบาล","5. 35-39 ปี",384.40,พันคน,สำนักงานสถิติแห่งชาติ
2565,"ไตรมาสที่ 2/2565","3) ภาคเหนือ","2) นอกเขตเทศบาล","6. 40-49 ปี",925.00,พันคน,สำนักงานสถิติแห่งชาติ
2565,"ไตรมาสที่ 2/2565","3) ภาคเหนือ","2) นอกเขตเทศบาล","7. 50-59 ปี",1190.60,พันคน,สำนักงานสถิติแห่งชาติ
2565,"ไตรมาสที่ 2/2565","3) ภาคเหนือ","2) นอกเขตเทศบาล","8. 60 ปีขึ้นไป",1783.80,พันคน,สำนักงานสถิติแห่งชาติ
2565,"ไตรมาสที่ 2/2565","4) ภาคตะวันออกเฉียงเหนือ","1) เขตเทศบาล","1. 15-19 ปี",417.90,พันคน,สำนักงานสถิติแห่งชาติ
2565,"ไตรมาสที่ 2/2565","4) ภาคตะวันออกเฉียงเหนือ","1) เขตเทศบาล","2. 20-24 ปี",428.80,พันคน,สำนักงานสถิติแห่งชาติ
2565,"ไตรมาสที่ 2/2565","4) ภาคตะวันออกเฉียงเหนือ","1) เขตเทศบาล","3. 25-29 ปี",365.80,พันคน,สำนักงานสถิติแห่งชาติ
2565,"ไตรมาสที่ 2/2565","4) ภาคตะวันออกเฉียงเหนือ","1) เขตเทศบาล","4. 30-34 ปี",257.60,พันคน,สำนักงานสถิติแห่งชาติ
2565,"ไตรมาสที่ 2/2565","4) ภาคตะวันออกเฉียงเหนือ","1) เขตเทศบาล","5. 35-39 ปี",228.80,พันคน,สำนักงานสถิติแห่งชาติ
2565,"ไตรมาสที่ 2/2565","4) ภาคตะวันออกเฉียงเหนือ","1) เขตเทศบาล","6. 40-49 ปี",687.10,พันคน,สำนักงานสถิติแห่งชาติ
2565,"ไตรมาสที่ 2/2565","4) ภาคตะวันออกเฉียงเหนือ","1) เขตเทศบาล","7. 50-59 ปี",877.00,พันคน,สำนักงานสถิติแห่งชาติ
2565,"ไตรมาสที่ 2/2565","4) ภาคตะวันออกเฉียงเหนือ","1) เขตเทศบาล","8. 60 ปีขึ้นไป",1176.80,พันคน,สำนักงานสถิติแห่งชาติ
2565,"ไตรมาสที่ 2/2565","4) ภาคตะวันออกเฉียงเหนือ","2) นอกเขตเทศบาล","1. 15-19 ปี",994.90,พันคน,สำนักงานสถิติแห่งชาติ
2565,"ไตรมาสที่ 2/2565","4) ภาคตะวันออกเฉียงเหนือ","2) นอกเขตเทศบาล","2. 20-24 ปี",1020.90,พันคน,สำนักงานสถิติแห่งชาติ
2565,"ไตรมาสที่ 2/2565","4) ภาคตะวันออกเฉียงเหนือ","2) นอกเขตเทศบาล","3. 25-29 ปี",870.90,พันคน,สำนักงานสถิติแห่งชาติ
2565,"ไตรมาสที่ 2/2565","4) ภาคตะวันออกเฉียงเหนือ","2) นอกเขตเทศบาล","4. 30-34 ปี",613.30,พันคน,สำนักงานสถิติแห่งชาติ
2565,"ไตรมาสที่ 2/2565","4) ภาคตะวันออกเฉียงเหนือ","2) นอกเขตเทศบาล","5. 35-39 ปี",544.60,พันคน,สำนักงานสถิติแห่งชาติ
2565,"ไตรมาสที่ 2/2565","4) ภาคตะวันออกเฉียงเหนือ","2) นอกเขตเทศบาล","6. 40-49 ปี",1634.60,พันคน,สำนักงานสถิติแห่งชาติ
2565,"ไตรมาสที่ 2/2565","4) ภาคตะวันออกเฉียงเหนือ","2) นอกเขตเทศบาล","7. 50-59 ปี",2086.00,พันคน,สำนักงานสถิติแห่งชาติ
2565,"ไตรมาสที่ 2/2565","4) ภาคตะวันออกเฉียงเหนือ","2) นอกเขตเทศบาล","8. 60 ปีขึ้นไป",2794.80,พันคน,สำนักงานสถิติแห่งชาติ
2565,"ไตรมาสที่ 2/2565","5) ภาคใต้","1) เขตเทศบาล","1. 15-19 ปี",232.00,พันคน,สำนักงานสถิติแห่งชาติ
2565,"ไตรมาสที่ 2/2565","5) ภาคใต้","1) เขตเทศบาล","2. 20-24 ปี",250.20,พันคน,สำนักงานสถิติแห่งชาติ
2565,"ไตรมาสที่ 2/2565","5) ภาคใต้","1) เขตเทศบาล","3. 25-29 ปี",252.60,พันคน,สำนักงานสถิติแห่งชาติ
2565,"ไตรมาสที่ 2/2565","5) ภาคใต้","1) เขตเทศบาล","4. 30-34 ปี",237.30,พันคน,สำนักงานสถิติแห่งชาติ
2565,"ไตรมาสที่ 2/2565","5) ภาคใต้","1) เขตเทศบาล","5. 35-39 ปี",227.70,พันคน,สำนักงานสถิติแห่งชาติ
2565,"ไตรมาสที่ 2/2565","5) ภาคใต้","1) เขตเทศบาล","6. 40-49 ปี",472.90,พันคน,สำนักงานสถิติแห่งชาติ
2565,"ไตรมาสที่ 2/2565","5) ภาคใต้","1) เขตเทศบาล","7. 50-59 ปี",446.00,พันคน,สำนักงานสถิติแห่งชาติ
2565,"ไตรมาสที่ 2/2565","5) ภาคใต้","1) เขตเทศบาล","8. 60 ปีขึ้นไป",517.50,พันคน,สำนักงานสถิติแห่งชาติ
2565,"ไตรมาสที่ 2/2565","5) ภาคใต้","2) นอกเขตเทศบาล","1. 15-19 ปี",449.70,พันคน,สำนักงานสถิติแห่งชาติ
2565,"ไตรมาสที่ 2/2565","5) ภาคใต้","2) นอกเขตเทศบาล","2. 20-24 ปี",475.50,พันคน,สำนักงานสถิติแห่งชาติ
2565,"ไตรมาสที่ 2/2565","5) ภาคใต้","2) นอกเขตเทศบาล","3. 25-29 ปี",476.80,พันคน,สำนักงานสถิติแห่งชาติ
2565,"ไตรมาสที่ 2/2565","5) ภาคใต้","2) นอกเขตเทศบาล","4. 30-34 ปี",453.20,พันคน,สำนักงานสถิติแห่งชาติ
2565,"ไตรมาสที่ 2/2565","5) ภาคใต้","2) นอกเขตเทศบาล","5. 35-39 ปี",440.60,พันคน,สำนักงานสถิติแห่งชาติ
2565,"ไตรมาสที่ 2/2565","5) ภาคใต้","2) นอกเขตเทศบาล","6. 40-49 ปี",921.60,พันคน,สำนักงานสถิติแห่งชาติ
2565,"ไตรมาสที่ 2/2565","5) ภาคใต้","2) นอกเขตเทศบาล","7. 50-59 ปี",874.90,พันคน,สำนักงานสถิติแห่งชาติ
2565,"ไตรมาสที่ 2/2565","5) ภาคใต้","2) นอกเขตเทศบาล","8. 60 ปีขึ้นไป",1012.10,พันคน,สำนักงานสถิติแห่งชาติ
2565,"ไตรมาสที่ 3/2565","1) กรุงเทพมหานคร","1) เขตเทศบาล","1. 15-19 ปี",355.10,พันคน,สำนักงานสถิติแห่งชาติ
2565,"ไตรมาสที่ 3/2565","1) กรุงเทพมหานคร","1) เขตเทศบาล","2. 20-24 ปี",514.90,พันคน,สำนักงานสถิติแห่งชาติ
2565,"ไตรมาสที่ 3/2565","1) กรุงเทพมหานคร","1) เขตเทศบาล","3. 25-29 ปี",701.60,พันคน,สำนักงานสถิติแห่งชาติ
2565,"ไตรมาสที่ 3/2565","1) กรุงเทพมหานคร","1) เขตเทศบาล","4. 30-34 ปี",881.40,พันคน,สำนักงานสถิติแห่งชาติ
2565,"ไตรมาสที่ 3/2565","1) กรุงเทพมหานคร","1) เขตเทศบาล","5. 35-39 ปี",923.50,พันคน,สำนักงานสถิติแห่งชาติ
2565,"ไตรมาสที่ 3/2565","1) กรุงเทพมหานคร","1) เขตเทศบาล","6. 40-49 ปี",1765.30,พันคน,สำนักงานสถิติแห่งชาติ
2565,"ไตรมาสที่ 3/2565","1) กรุงเทพมหานคร","1) เขตเทศบาล","7. 50-59 ปี",1373.60,พันคน,สำนักงานสถิติแห่งชาติ
2565,"ไตรมาสที่ 3/2565","1) กรุงเทพมหานคร","1) เขตเทศบาล","8. 60 ปีขึ้นไป",1343.70,พันคน,สำนักงานสถิติแห่งชาติ
2565,"ไตรมาสที่ 3/2565","2) ภาคกลาง","1) เขตเทศบาล","1. 15-19 ปี",542.60,พันคน,สำนักงานสถิติแห่งชาติ
2565,"ไตรมาสที่ 3/2565","2) ภาคกลาง","1) เขตเทศบาล","2. 20-24 ปี",732.60,พันคน,สำนักงานสถิติแห่งชาติ
2565,"ไตรมาสที่ 3/2565","2) ภาคกลาง","1) เขตเทศบาล","3. 25-29 ปี",869.70,พันคน,สำนักงานสถิติแห่งชาติ
2565,"ไตรมาสที่ 3/2565","2) ภาคกลาง","1) เขตเทศบาล","4. 30-34 ปี",869.00,พันคน,สำนักงานสถิติแห่งชาติ
2565,"ไตรมาสที่ 3/2565","2) ภาคกลาง","1) เขตเทศบาล","5. 35-39 ปี",875.40,พันคน,สำนักงานสถิติแห่งชาติ
2565,"ไตรมาสที่ 3/2565","2) ภาคกลาง","1) เขตเทศบาล","6. 40-49 ปี",1732.50,พันคน,สำนักงานสถิติแห่งชาติ
2565,"ไตรมาสที่ 3/2565","2) ภาคกลาง","1) เขตเทศบาล","7. 50-59 ปี",1487.80,พันคน,สำนักงานสถิติแห่งชาติ
2565,"ไตรมาสที่ 3/2565","2) ภาคกลาง","1) เขตเทศบาล","8. 60 ปีขึ้นไป",1590.60,พันคน,สำนักงานสถิติแห่งชาติ
2565,"ไตรมาสที่ 3/2565","2) ภาคกลาง","2) นอกเขตเทศบาล","1. 15-19 ปี",642.20,พันคน,สำนักงานสถิติแห่งชาติ
2565,"ไตรมาสที่ 3/2565","2) ภาคกลาง","2) นอกเขตเทศบาล","2. 20-24 ปี",829.40,พันคน,สำนักงานสถิติแห่งชาติ
2565,"ไตรมาสที่ 3/2565","2) ภาคกลาง","2) นอกเขตเทศบาล","3. 25-29 ปี",955.60,พันคน,สำนักงานสถิติแห่งชาติ
2565,"ไตรมาสที่ 3/2565","2) ภาคกลาง","2) นอกเขตเทศบาล","4. 30-34 ปี",946.90,พันคน,สำนักงานสถิติแห่งชาติ
2565,"ไตรมาสที่ 3/2565","2) ภาคกลาง","2) นอกเขตเทศบาล","5. 35-39 ปี",950.40,พันคน,สำนักงานสถิติแห่งชาติ
2565,"ไตรมาสที่ 3/2565","2) ภาคกลาง","2) นอกเขตเทศบาล","6. 40-49 ปี",1911.20,พันคน,สำนักงานสถิติแห่งชาติ
2565,"ไตรมาสที่ 3/2565","2) ภาคกลาง","2) นอกเขตเทศบาล","7. 50-59 ปี",1699.10,พันคน,สำนักงานสถิติแห่งชาติ
2565,"ไตรมาสที่ 3/2565","2) ภาคกลาง","2) นอกเขตเทศบาล","8. 60 ปีขึ้นไป",1896.00,พันคน,สำนักงานสถิติแห่งชาติ
2565,"ไตรมาสที่ 3/2565","3) ภาคเหนือ","1) เขตเทศบาล","1. 15-19 ปี",254.60,พันคน,สำนักงานสถิติแห่งชาติ
2565,"ไตรมาสที่ 3/2565","3) ภาคเหนือ","1) เขตเทศบาล","2. 20-24 ปี",275.60,พันคน,สำนักงานสถิติแห่งชาติ
2565,"ไตรมาสที่ 3/2565","3) ภาคเหนือ","1) เขตเทศบาล","3. 25-29 ปี",273.10,พันคน,สำนักงานสถิติแห่งชาติ
2565,"ไตรมาสที่ 3/2565","3) ภาคเหนือ","1) เขตเทศบาล","4. 30-34 ปี",231.00,พันคน,สำนักงานสถิติแห่งชาติ
2565,"ไตรมาสที่ 3/2565","3) ภาคเหนือ","1) เขตเทศบาล","5. 35-39 ปี",206.30,พันคน,สำนักงานสถิติแห่งชาติ
2565,"ไตรมาสที่ 3/2565","3) ภาคเหนือ","1) เขตเทศบาล","6. 40-49 ปี",491.00,พันคน,สำนักงานสถิติแห่งชาติ
2565,"ไตรมาสที่ 3/2565","3) ภาคเหนือ","1) เขตเทศบาล","7. 50-59 ปี",629.60,พันคน,สำนักงานสถิติแห่งชาติ
2565,"ไตรมาสที่ 3/2565","3) ภาคเหนือ","1) เขตเทศบาล","8. 60 ปีขึ้นไป",959.00,พันคน,สำนักงานสถิติแห่งชาติ
2565,"ไตรมาสที่ 3/2565","3) ภาคเหนือ","2) นอกเขตเทศบาล","1. 15-19 ปี",475.60,พันคน,สำนักงานสถิติแห่งชาติ
2565,"ไตรมาสที่ 3/2565","3) ภาคเหนือ","2) นอกเขตเทศบาล","2. 20-24 ปี",511.70,พันคน,สำนักงานสถิติแห่งชาติ
2565,"ไตรมาสที่ 3/2565","3) ภาคเหนือ","2) นอกเขตเทศบาล","3. 25-29 ปี",503.90,พันคน,สำนักงานสถิติแห่งชาติ
2565,"ไตรมาสที่ 3/2565","3) ภาคเหนือ","2) นอกเขตเทศบาล","4. 30-34 ปี",425.50,พันคน,สำนักงานสถิติแห่งชาติ
2565,"ไตรมาสที่ 3/2565","3) ภาคเหนือ","2) นอกเขตเทศบาล","5. 35-39 ปี",382.50,พันคน,สำนักงานสถิติแห่งชาติ
2565,"ไตรมาสที่ 3/2565","3) ภาคเหนือ","2) นอกเขตเทศบาล","6. 40-49 ปี",917.60,พันคน,สำนักงานสถิติแห่งชาติ
2565,"ไตรมาสที่ 3/2565","3) ภาคเหนือ","2) นอกเขตเทศบาล","7. 50-59 ปี",1182.50,พันคน,สำนักงานสถิติแห่งชาติ
2565,"ไตรมาสที่ 3/2565","3) ภาคเหนือ","2) นอกเขตเทศบาล","8. 60 ปีขึ้นไป",1798.70,พันคน,สำนักงานสถิติแห่งชาติ
2565,"ไตรมาสที่ 3/2565","4) ภาคตะวันออกเฉียงเหนือ","1) เขตเทศบาล","1. 15-19 ปี",416.10,พันคน,สำนักงานสถิติแห่งชาติ
2565,"ไตรมาสที่ 3/2565","4) ภาคตะวันออกเฉียงเหนือ","1) เขตเทศบาล","2. 20-24 ปี",427.50,พันคน,สำนักงานสถิติแห่งชาติ
2565,"ไตรมาสที่ 3/2565","4) ภาคตะวันออกเฉียงเหนือ","1) เขตเทศบาล","3. 25-29 ปี",368.80,พันคน,สำนักงานสถิติแห่งชาติ
2565,"ไตรมาสที่ 3/2565","4) ภาคตะวันออกเฉียงเหนือ","1) เขตเทศบาล","4. 30-34 ปี",261.60,พันคน,สำนักงานสถิติแห่งชาติ
2565,"ไตรมาสที่ 3/2565","4) ภาคตะวันออกเฉียงเหนือ","1) เขตเทศบาล","5. 35-39 ปี",226.50,พันคน,สำนักงานสถิติแห่งชาติ
2565,"ไตรมาสที่ 3/2565","4) ภาคตะวันออกเฉียงเหนือ","1) เขตเทศบาล","6. 40-49 ปี",678.00,พันคน,สำนักงานสถิติแห่งชาติ
2565,"ไตรมาสที่ 3/2565","4) ภาคตะวันออกเฉียงเหนือ","1) เขตเทศบาล","7. 50-59 ปี",877.10,พันคน,สำนักงานสถิติแห่งชาติ
2565,"ไตรมาสที่ 3/2565","4) ภาคตะวันออกเฉียงเหนือ","1) เขตเทศบาล","8. 60 ปีขึ้นไป",1186.50,พันคน,สำนักงานสถิติแห่งชาติ
2565,"ไตรมาสที่ 3/2565","4) ภาคตะวันออกเฉียงเหนือ","2) นอกเขตเทศบาล","1. 15-19 ปี",989.70,พันคน,สำนักงานสถิติแห่งชาติ
2565,"ไตรมาสที่ 3/2565","4) ภาคตะวันออกเฉียงเหนือ","2) นอกเขตเทศบาล","2. 20-24 ปี",1017.10,พันคน,สำนักงานสถิติแห่งชาติ
2565,"ไตรมาสที่ 3/2565","4) ภาคตะวันออกเฉียงเหนือ","2) นอกเขตเทศบาล","3. 25-29 ปี",877.20,พันคน,สำนักงานสถิติแห่งชาติ
2565,"ไตรมาสที่ 3/2565","4) ภาคตะวันออกเฉียงเหนือ","2) นอกเขตเทศบาล","4. 30-34 ปี",622.40,พันคน,สำนักงานสถิติแห่งชาติ
2565,"ไตรมาสที่ 3/2565","4) ภาคตะวันออกเฉียงเหนือ","2) นอกเขตเทศบาล","5. 35-39 ปี",538.60,พันคน,สำนักงานสถิติแห่งชาติ
2565,"ไตรมาสที่ 3/2565","4) ภาคตะวันออกเฉียงเหนือ","2) นอกเขตเทศบาล","6. 40-49 ปี",1611.70,พันคน,สำนักงานสถิติแห่งชาติ
2565,"ไตรมาสที่ 3/2565","4) ภาคตะวันออกเฉียงเหนือ","2) นอกเขตเทศบาล","7. 50-59 ปี",2084.50,พันคน,สำนักงานสถิติแห่งชาติ
2565,"ไตรมาสที่ 3/2565","4) ภาคตะวันออกเฉียงเหนือ","2) นอกเขตเทศบาล","8. 60 ปีขึ้นไป",2815.50,พันคน,สำนักงานสถิติแห่งชาติ
2565,"ไตรมาสที่ 3/2565","5) ภาคใต้","1) เขตเทศบาล","1. 15-19 ปี",231.50,พันคน,สำนักงานสถิติแห่งชาติ
2565,"ไตรมาสที่ 3/2565","5) ภาคใต้","1) เขตเทศบาล","2. 20-24 ปี",250.30,พันคน,สำนักงานสถิติแห่งชาติ
2565,"ไตรมาสที่ 3/2565","5) ภาคใต้","1) เขตเทศบาล","3. 25-29 ปี",252.90,พันคน,สำนักงานสถิติแห่งชาติ
2565,"ไตรมาสที่ 3/2565","5) ภาคใต้","1) เขตเทศบาล","4. 30-34 ปี",237.70,พันคน,สำนักงานสถิติแห่งชาติ
2565,"ไตรมาสที่ 3/2565","5) ภาคใต้","1) เขตเทศบาล","5. 35-39 ปี",227.30,พันคน,สำนักงานสถิติแห่งชาติ
2565,"ไตรมาสที่ 3/2565","5) ภาคใต้","1) เขตเทศบาล","6. 40-49 ปี",472.00,พันคน,สำนักงานสถิติแห่งชาติ
2565,"ไตรมาสที่ 3/2565","5) ภาคใต้","1) เขตเทศบาล","7. 50-59 ปี",447.50,พันคน,สำนักงานสถิติแห่งชาติ
2565,"ไตรมาสที่ 3/2565","5) ภาคใต้","1) เขตเทศบาล","8. 60 ปีขึ้นไป",523.00,พันคน,สำนักงานสถิติแห่งชาติ
2565,"ไตรมาสที่ 3/2565","5) ภาคใต้","2) นอกเขตเทศบาล","1. 15-19 ปี",448.30,พันคน,สำนักงานสถิติแห่งชาติ
2565,"ไตรมาสที่ 3/2565","5) ภาคใต้","2) นอกเขตเทศบาล","2. 20-24 ปี",475.10,พันคน,สำนักงานสถิติแห่งชาติ
2565,"ไตรมาสที่ 3/2565","5) ภาคใต้","2) นอกเขตเทศบาล","3. 25-29 ปี",477.00,พันคน,สำนักงานสถิติแห่งชาติ
2565,"ไตรมาสที่ 3/2565","5) ภาคใต้","2) นอกเขตเทศบาล","4. 30-34 ปี",453.40,พันคน,สำนักงานสถิติแห่งชาติ
2565,"ไตรมาสที่ 3/2565","5) ภาคใต้","2) นอกเขตเทศบาล","5. 35-39 ปี",439.60,พันคน,สำนักงานสถิติแห่งชาติ
2565,"ไตรมาสที่ 3/2565","5) ภาคใต้","2) นอกเขตเทศบาล","6. 40-49 ปี",919.10,พันคน,สำนักงานสถิติแห่งชาติ
2565,"ไตรมาสที่ 3/2565","5) ภาคใต้","2) นอกเขตเทศบาล","7. 50-59 ปี",877.20,พันคน,สำนักงานสถิติแห่งชาติ
2565,"ไตรมาสที่ 3/2565","5) ภาคใต้","2) นอกเขตเทศบาล","8. 60 ปีขึ้นไป",1022.10,พันคน,สำนักงานสถิติแห่งชาติ
2565,"ไตรมาสที่ 4/2565","1) กรุงเทพมหานคร","1) เขตเทศบาล","1. 15-19 ปี",352.90,พันคน,สำนักงานสถิติแห่งชาติ
2565,"ไตรมาสที่ 4/2565","1) กรุงเทพมหานคร","1) เขตเทศบาล","2. 20-24 ปี",511.90,พันคน,สำนักงานสถิติแห่งชาติ
2565,"ไตรมาสที่ 4/2565","1) กรุงเทพมหานคร","1) เขตเทศบาล","3. 25-29 ปี",693.10,พันคน,สำนักงานสถิติแห่งชาติ
2565,"ไตรมาสที่ 4/2565","1) กรุงเทพมหานคร","1) เขตเทศบาล","4. 30-34 ปี",873.20,พันคน,สำนักงานสถิติแห่งชาติ
2565,"ไตรมาสที่ 4/2565","1) กรุงเทพมหานคร","1) เขตเทศบาล","5. 35-39 ปี",923.00,พันคน,สำนักงานสถิติแห่งชาติ
2565,"ไตรมาสที่ 4/2565","1) กรุงเทพมหานคร","1) เขตเทศบาล","6. 40-49 ปี",1769.50,พันคน,สำนักงานสถิติแห่งชาติ
2565,"ไตรมาสที่ 4/2565","1) กรุงเทพมหานคร","1) เขตเทศบาล","7. 50-59 ปี",1380.50,พันคน,สำนักงานสถิติแห่งชาติ
2565,"ไตรมาสที่ 4/2565","1) กรุงเทพมหานคร","1) เขตเทศบาล","8. 60 ปีขึ้นไป",1359.30,พันคน,สำนักงานสถิติแห่งชาติ
2565,"ไตรมาสที่ 4/2565","2) ภาคกลาง","1) เขตเทศบาล","1. 15-19 ปี",542.10,พันคน,สำนักงานสถิติแห่งชาติ
2565,"ไตรมาสที่ 4/2565","2) ภาคกลาง","1) เขตเทศบาล","2. 20-24 ปี",732.80,พันคน,สำนักงานสถิติแห่งชาติ
2565,"ไตรมาสที่ 4/2565","2) ภาคกลาง","1) เขตเทศบาล","3. 25-29 ปี",869.80,พันคน,สำนักงานสถิติแห่งชาติ
2565,"ไตรมาสที่ 4/2565","2) ภาคกลาง","1) เขตเทศบาล","4. 30-34 ปี",870.60,พันคน,สำนักงานสถิติแห่งชาติ
2565,"ไตรมาสที่ 4/2565","2) ภาคกลาง","1) เขตเทศบาล","5. 35-39 ปี",875.20,พันคน,สำนักงานสถิติแห่งชาติ
2565,"ไตรมาสที่ 4/2565","2) ภาคกลาง","1) เขตเทศบาล","6. 40-49 ปี",1737.80,พันคน,สำนักงานสถิติแห่งชาติ
2565,"ไตรมาสที่ 4/2565","2) ภาคกลาง","1) เขตเทศบาล","7. 50-59 ปี",1494.90,พันคน,สำนักงานสถิติแห่งชาติ
2565,"ไตรมาสที่ 4/2565","2) ภาคกลาง","1) เขตเทศบาล","8. 60 ปีขึ้นไป",1610.00,พันคน,สำนักงานสถิติแห่งชาติ
2565,"ไตรมาสที่ 4/2565","2) ภาคกลาง","2) นอกเขตเทศบาล","1. 15-19 ปี",641.20,พันคน,สำนักงานสถิติแห่งชาติ
2565,"ไตรมาสที่ 4/2565","2) ภาคกลาง","2) นอกเขตเทศบาล","2. 20-24 ปี",829.30,พันคน,สำนักงานสถิติแห่งชาติ
2565,"ไตรมาสที่ 4/2565","2) ภาคกลาง","2) นอกเขตเทศบาล","3. 25-29 ปี",956.10,พันคน,สำนักงานสถิติแห่งชาติ
2565,"ไตรมาสที่ 4/2565","2) ภาคกลาง","2) นอกเขตเทศบาล","4. 30-34 ปี",948.60,พันคน,สำนักงานสถิติแห่งชาติ
2565,"ไตรมาสที่ 4/2565","2) ภาคกลาง","2) นอกเขตเทศบาล","5. 35-39 ปี",949.60,พันคน,สำนักงานสถิติแห่งชาติ
2565,"ไตรมาสที่ 4/2565","2) ภาคกลาง","2) นอกเขตเทศบาล","6. 40-49 ปี",1914.60,พันคน,สำนักงานสถิติแห่งชาติ
2565,"ไตรมาสที่ 4/2565","2) ภาคกลาง","2) นอกเขตเทศบาล","7. 50-59 ปี",1704.70,พันคน,สำนักงานสถิติแห่งชาติ
2565,"ไตรมาสที่ 4/2565","2) ภาคกลาง","2) นอกเขตเทศบาล","8. 60 ปีขึ้นไป",1917.00,พันคน,สำนักงานสถิติแห่งชาติ
2565,"ไตรมาสที่ 4/2565","3) ภาคเหนือ","1) เขตเทศบาล","1. 15-19 ปี",253.20,พันคน,สำนักงานสถิติแห่งชาติ
2565,"ไตรมาสที่ 4/2565","3) ภาคเหนือ","1) เขตเทศบาล","2. 20-24 ปี",274.70,พันคน,สำนักงานสถิติแห่งชาติ
2565,"ไตรมาสที่ 4/2565","3) ภาคเหนือ","1) เขตเทศบาล","3. 25-29 ปี",273.00,พันคน,สำนักงานสถิติแห่งชาติ
2565,"ไตรมาสที่ 4/2565","3) ภาคเหนือ","1) เขตเทศบาล","4. 30-34 ปี",233.10,พันคน,สำนักงานสถิติแห่งชาติ
2565,"ไตรมาสที่ 4/2565","3) ภาคเหนือ","1) เขตเทศบาล","5. 35-39 ปี",205.60,พันคน,สำนักงานสถิติแห่งชาติ
2565,"ไตรมาสที่ 4/2565","3) ภาคเหนือ","1) เขตเทศบาล","6. 40-49 ปี",487.20,พันคน,สำนักงานสถิติแห่งชาติ
2565,"ไตรมาสที่ 4/2565","3) ภาคเหนือ","1) เขตเทศบาล","7. 50-59 ปี",625.00,พันคน,สำนักงานสถิติแห่งชาติ
2565,"ไตรมาสที่ 4/2565","3) ภาคเหนือ","1) เขตเทศบาล","8. 60 ปีขึ้นไป",966.70,พันคน,สำนักงานสถิติแห่งชาติ
2565,"ไตรมาสที่ 4/2565","3) ภาคเหนือ","2) นอกเขตเทศบาล","1. 15-19 ปี",473.10,พันคน,สำนักงานสถิติแห่งชาติ
2565,"ไตรมาสที่ 4/2565","3) ภาคเหนือ","2) นอกเขตเทศบาล","2. 20-24 ปี",509.90,พันคน,สำนักงานสถิติแห่งชาติ
2565,"ไตรมาสที่ 4/2565","3) ภาคเหนือ","2) นอกเขตเทศบาล","3. 25-29 ปี",503.70,พันคน,สำนักงานสถิติแห่งชาติ
2565,"ไตรมาสที่ 4/2565","3) ภาคเหนือ","2) นอกเขตเทศบาล","4. 30-34 ปี",429.50,พันคน,สำนักงานสถิติแห่งชาติ
2565,"ไตรมาสที่ 4/2565","3) ภาคเหนือ","2) นอกเขตเทศบาล","5. 35-39 ปี",381.20,พันคน,สำนักงานสถิติแห่งชาติ
2565,"ไตรมาสที่ 4/2565","3) ภาคเหนือ","2) นอกเขตเทศบาล","6. 40-49 ปี",910.50,พันคน,สำนักงานสถิติแห่งชาติ
2565,"ไตรมาสที่ 4/2565","3) ภาคเหนือ","2) นอกเขตเทศบาล","7. 50-59 ปี",1174.00,พันคน,สำนักงานสถิติแห่งชาติ
2565,"ไตรมาสที่ 4/2565","3) ภาคเหนือ","2) นอกเขตเทศบาล","8. 60 ปีขึ้นไป",1813.30,พันคน,สำนักงานสถิติแห่งชาติ
2565,"ไตรมาสที่ 4/2565","4) ภาคตะวันออกเฉียงเหนือ","1) เขตเทศบาล","1. 15-19 ปี",414.10,พันคน,สำนักงานสถิติแห่งชาติ
2565,"ไตรมาสที่ 4/2565","4) ภาคตะวันออกเฉียงเหนือ","1) เขตเทศบาล","2. 20-24 ปี",425.60,พันคน,สำนักงานสถิติแห่งชาติ
2565,"ไตรมาสที่ 4/2565","4) ภาคตะวันออกเฉียงเหนือ","1) เขตเทศบาล","3. 25-29 ปี",371.10,พันคน,สำนักงานสถิติแห่งชาติ
2565,"ไตรมาสที่ 4/2565","4) ภาคตะวันออกเฉียงเหนือ","1) เขตเทศบาล","4. 30-34 ปี",266.00,พันคน,สำนักงานสถิติแห่งชาติ
2565,"ไตรมาสที่ 4/2565","4) ภาคตะวันออกเฉียงเหนือ","1) เขตเทศบาล","5. 35-39 ปี",224.70,พันคน,สำนักงานสถิติแห่งชาติ
2565,"ไตรมาสที่ 4/2565","4) ภาคตะวันออกเฉียงเหนือ","1) เขตเทศบาล","6. 40-49 ปี",668.40,พันคน,สำนักงานสถิติแห่งชาติ
2565,"ไตรมาสที่ 4/2565","4) ภาคตะวันออกเฉียงเหนือ","1) เขตเทศบาล","7. 50-59 ปี",876.10,พันคน,สำนักงานสถิติแห่งชาติ
2565,"ไตรมาสที่ 4/2565","4) ภาคตะวันออกเฉียงเหนือ","1) เขตเทศบาล","8. 60 ปีขึ้นไป",1195.60,พันคน,สำนักงานสถิติแห่งชาติ
2565,"ไตรมาสที่ 4/2565","4) ภาคตะวันออกเฉียงเหนือ","2) นอกเขตเทศบาล","1. 15-19 ปี",984.80,พันคน,สำนักงานสถิติแห่งชาติ
2565,"ไตรมาสที่ 4/2565","4) ภาคตะวันออกเฉียงเหนือ","2) นอกเขตเทศบาล","2. 20-24 ปี",1012.30,พันคน,สำนักงานสถิติแห่งชาติ
2565,"ไตรมาสที่ 4/2565","4) ภาคตะวันออกเฉียงเหนือ","2) นอกเขตเทศบาล","3. 25-29 ปี",882.40,พันคน,สำนักงานสถิติแห่งชาติ
2565,"ไตรมาสที่ 4/2565","4) ภาคตะวันออกเฉียงเหนือ","2) นอกเขตเทศบาล","4. 30-34 ปี",632.70,พันคน,สำนักงานสถิติแห่งชาติ
2565,"ไตรมาสที่ 4/2565","4) ภาคตะวันออกเฉียงเหนือ","2) นอกเขตเทศบาล","5. 35-39 ปี",534.20,พันคน,สำนักงานสถิติแห่งชาติ
2565,"ไตรมาสที่ 4/2565","4) ภาคตะวันออกเฉียงเหนือ","2) นอกเขตเทศบาล","6. 40-49 ปี",1588.40,พันคน,สำนักงานสถิติแห่งชาติ
2565,"ไตรมาสที่ 4/2565","4) ภาคตะวันออกเฉียงเหนือ","2) นอกเขตเทศบาล","7. 50-59 ปี",2081.50,พันคน,สำนักงานสถิติแห่งชาติ
2565,"ไตรมาสที่ 4/2565","4) ภาคตะวันออกเฉียงเหนือ","2) นอกเขตเทศบาล","8. 60 ปีขึ้นไป",2836.60,พันคน,สำนักงานสถิติแห่งชาติ
2565,"ไตรมาสที่ 4/2565","5) ภาคใต้","1) เขตเทศบาล","1. 15-19 ปี",230.80,พันคน,สำนักงานสถิติแห่งชาติ
2565,"ไตรมาสที่ 4/2565","5) ภาคใต้","1) เขตเทศบาล","2. 20-24 ปี",250.20,พันคน,สำนักงานสถิติแห่งชาติ
2565,"ไตรมาสที่ 4/2565","5) ภาคใต้","1) เขตเทศบาล","3. 25-29 ปี",253.10,พันคน,สำนักงานสถิติแห่งชาติ
2565,"ไตรมาสที่ 4/2565","5) ภาคใต้","1) เขตเทศบาล","4. 30-34 ปี",238.00,พันคน,สำนักงานสถิติแห่งชาติ
2565,"ไตรมาสที่ 4/2565","5) ภาคใต้","1) เขตเทศบาล","5. 35-39 ปี",227.00,พันคน,สำนักงานสถิติแห่งชาติ
2565,"ไตรมาสที่ 4/2565","5) ภาคใต้","1) เขตเทศบาล","6. 40-49 ปี",470.80,พันคน,สำนักงานสถิติแห่งชาติ
2565,"ไตรมาสที่ 4/2565","5) ภาคใต้","1) เขตเทศบาล","7. 50-59 ปี",448.60,พันคน,สำนักงานสถิติแห่งชาติ
2565,"ไตรมาสที่ 4/2565","5) ภาคใต้","1) เขตเทศบาล","8. 60 ปีขึ้นไป",528.50,พันคน,สำนักงานสถิติแห่งชาติ
2565,"ไตรมาสที่ 4/2565","5) ภาคใต้","2) นอกเขตเทศบาล","1. 15-19 ปี",446.80,พันคน,สำนักงานสถิติแห่งชาติ
2565,"ไตรมาสที่ 4/2565","5) ภาคใต้","2) นอกเขตเทศบาล","2. 20-24 ปี",474.80,พันคน,สำนักงานสถิติแห่งชาติ
2565,"ไตรมาสที่ 4/2565","5) ภาคใต้","2) นอกเขตเทศบาล","3. 25-29 ปี",477.10,พันคน,สำนักงานสถิติแห่งชาติ
2565,"ไตรมาสที่ 4/2565","5) ภาคใต้","2) นอกเขตเทศบาล","4. 30-34 ปี",453.90,พันคน,สำนักงานสถิติแห่งชาติ
2565,"ไตรมาสที่ 4/2565","5) ภาคใต้","2) นอกเขตเทศบาล","5. 35-39 ปี",438.70,พันคน,สำนักงานสถิติแห่งชาติ
2565,"ไตรมาสที่ 4/2565","5) ภาคใต้","2) นอกเขตเทศบาล","6. 40-49 ปี",916.50,พันคน,สำนักงานสถิติแห่งชาติ
2565,"ไตรมาสที่ 4/2565","5) ภาคใต้","2) นอกเขตเทศบาล","7. 50-59 ปี",879.00,พันคน,สำนักงานสถิติแห่งชาติ
2565,"ไตรมาสที่ 4/2565","5) ภาคใต้","2) นอกเขตเทศบาล","8. 60 ปีขึ้นไป",1032.50,พันคน,สำนักงานสถิติแห่งชาติ
